3ba9aa5a-8ca2-11ef-944e-41a8eb05f654,angstrom_exponent_of_ambient_aerosol_in_air,aerosol_angstrom_exponent
3baa6c9e-8ca2-11ef-944e-41a8eb05f654,air_pressure_at_mean_sea_level,air_pressure_at_sea_level
3baa6d50-8ca2-11ef-944e-41a8eb05f654,diameter_of_ambient_aerosol_particles,ambient_aerosol_particle_diameter
3baa6d9a-8ca2-11ef-944e-41a8eb05f654,atmosphere_upward_absolute_vorticity,atmosphere_absolute_vorticity
3ba9aa59-8ca2-11ef-944e-41a8eb05f654,atmosphere_absorption_optical_thickness_due_to_ambient_aerosol_particles,atmosphere_absorption_optical_thickness_due_to_ambient_aerosol
3ba9aa5b-8ca2-11ef-944e-41a8eb05f654,atmosphere_absorption_optical_thickness_due_to_dust_ambient_aerosol_particles,atmosphere_absorption_optical_thickness_due_to_dust_ambient_aerosol
3ba9aa5c-8ca2-11ef-944e-41a8eb05f654,atmosphere_absorption_optical_thickness_due_to_particulate_organic_matter_ambient_aerosol_particles,atmosphere_absorption_optical_thickness_due_to_particulate_organic_matter_ambient_aerosol
3baa6c98-8ca2-11ef-944e-41a8eb05f654,atmosphere_absorption_optical_thickness_due_to_sea_salt_ambient_aerosol_particles,atmosphere_absorption_optical_thickness_due_to_seasalt_ambient_aerosol
3baa6c97-8ca2-11ef-944e-41a8eb05f654,atmosphere_absorption_optical_thickness_due_to_sea_salt_ambient_aerosol_particles,atmosphere_absorption_optical_thickness_due_to_seasalt_ambient_aerosol_particles
3ba9aa5d-8ca2-11ef-944e-41a8eb05f654,atmosphere_absorption_optical_thickness_due_to_sulfate_ambient_aerosol_particles,atmosphere_absorption_optical_thickness_due_to_sulfate_ambient_aerosol
3ba9aa22-8ca2-11ef-944e-41a8eb05f654,atmosphere_mass_content_of_cloud_condensed_water,atmosphere_cloud_condensed_water_content
3ba9aa23-8ca2-11ef-944e-41a8eb05f654,atmosphere_mass_content_of_cloud_ice,atmosphere_cloud_ice_content
3baa6d7e-8ca2-11ef-944e-41a8eb05f654,atmosphere_mass_content_of_cloud_liquid_water,atmosphere_cloud_liquid_water_content
3ba9aa65-8ca2-11ef-944e-41a8eb05f654,atmosphere_mass_content_of_sulfate_ambient_aerosol_particles,atmosphere_content_of_sulfate_aerosol
3ba9aa24-8ca2-11ef-944e-41a8eb05f654,atmosphere_mass_content_of_convective_cloud_condensed_water,atmosphere_convective_cloud_condensed_water_content
3baa6d88-8ca2-11ef-944e-41a8eb05f654,atmosphere_mass_content_of_convective_cloud_liquid_water,atmosphere_convective_cloud_liquid_water_content
3ba9aa15-8ca2-11ef-944e-41a8eb05f654,atmosphere_net_upward_convective_mass_flux,atmosphere_convective_mass_flux
3ba9aa5e-8ca2-11ef-944e-41a8eb05f654,atmosphere_mass_content_of_ammonium_dry_aerosol_particles,atmosphere_mass_content_of_ammonium_dry_aerosol
3baa6ca2-8ca2-11ef-944e-41a8eb05f654,atmosphere_mass_content_of_elemental_carbon_dry_aerosol_particles,atmosphere_mass_content_of_black_carbon_dry_aerosol
3ba9aa5f-8ca2-11ef-944e-41a8eb05f654,atmosphere_mass_content_of_dust_dry_aerosol_particles,atmosphere_mass_content_of_dust_dry_aerosol
3ba9aa60-8ca2-11ef-944e-41a8eb05f654,atmosphere_mass_content_of_mercury_dry_aerosol_particles,atmosphere_mass_content_of_mercury_dry_aerosol
3ba9aa61-8ca2-11ef-944e-41a8eb05f654,atmosphere_mass_content_of_nitrate_dry_aerosol_particles,atmosphere_mass_content_of_nitrate_dry_aerosol
3ba9aa62-8ca2-11ef-944e-41a8eb05f654,atmosphere_mass_content_of_nitric_acid_trihydrate_ambient_aerosol_particles,atmosphere_mass_content_of_nitric_acid_trihydrate_ambient_aerosol
3ba9aa4f-8ca2-11ef-944e-41a8eb05f654,atmosphere_mass_content_of_particulate_organic_matter_dry_aerosol_particles,atmosphere_mass_content_of_particulate_organic_matter_dry_aerosol
3ba9aa50-8ca2-11ef-944e-41a8eb05f654,atmosphere_mass_content_of_primary_particulate_organic_matter_dry_aerosol_particles,atmosphere_mass_content_of_primary_particulate_organic_matter_dry_aerosol
3baa6c68-8ca2-11ef-944e-41a8eb05f654,atmosphere_mass_content_of_sea_salt_dry_aerosol_particles,atmosphere_mass_content_of_seasalt_dry_aerosol
3baa6c67-8ca2-11ef-944e-41a8eb05f654,atmosphere_mass_content_of_sea_salt_dry_aerosol_particles,atmosphere_mass_content_of_seasalt_dry_aerosol_particles
3ba9aa63-8ca2-11ef-944e-41a8eb05f654,atmosphere_mass_content_of_secondary_particulate_organic_matter_dry_aerosol_particles,atmosphere_mass_content_of_secondary_particulate_organic_matter_dry_aerosol
3ba9aa64-8ca2-11ef-944e-41a8eb05f654,atmosphere_mass_content_of_sulfate_ambient_aerosol_particles,atmosphere_mass_content_of_sulfate_ambient_aerosol
3ba9aa66-8ca2-11ef-944e-41a8eb05f654,atmosphere_mass_content_of_sulfate_dry_aerosol_particles,atmosphere_mass_content_of_sulfate_dry_aerosol
3ba9aa71-8ca2-11ef-944e-41a8eb05f654,atmosphere_mass_content_of_sulfate_dry_aerosol_particles_expressed_as_sulfur,atmosphere_mass_content_of_sulfate_dry_aerosol_expressed_as_sulfur
3ba9aa72-8ca2-11ef-944e-41a8eb05f654,atmosphere_mass_content_of_sulfate_dry_aerosol_particles_expressed_as_sulfur,atmosphere_mass_content_of_sulfate_expressed_as_sulfur_dry_aerosol
3ba9aa67-8ca2-11ef-944e-41a8eb05f654,atmosphere_mass_content_of_water_in_ambient_aerosol_particles,atmosphere_mass_content_of_water_in_ambient_aerosol
3ba9aa68-8ca2-11ef-944e-41a8eb05f654,atmosphere_moles_of_nitric_acid_trihydrate_ambient_aerosol_particles,atmosphere_moles_of_nitric_acid_trihydrate_ambient_aerosol
3ba9aa6a-8ca2-11ef-944e-41a8eb05f654,atmosphere_optical_thickness_due_to_ambient_aerosol_particles,atmosphere_optical_thickness_due_to_aerosol
3ba9aa69-8ca2-11ef-944e-41a8eb05f654,atmosphere_optical_thickness_due_to_ambient_aerosol_particles,atmosphere_optical_thickness_due_to_ambient_aerosol
3ba9aa6b-8ca2-11ef-944e-41a8eb05f654,atmosphere_optical_thickness_due_to_dust_ambient_aerosol_particles,atmosphere_optical_thickness_due_to_dust_ambient_aerosol
3ba9aa6c-8ca2-11ef-944e-41a8eb05f654,atmosphere_optical_thickness_due_to_dust_dry_aerosol_particles,atmosphere_optical_thickness_due_to_dust_dry_aerosol
3ba9aa6d-8ca2-11ef-944e-41a8eb05f654,atmosphere_optical_thickness_due_to_particulate_organic_matter_ambient_aerosol_particles,atmosphere_optical_thickness_due_to_particulate_organic_matter_ambient_aerosol
3baa6c7b-8ca2-11ef-944e-41a8eb05f654,atmosphere_optical_thickness_due_to_pm1_ambient_aerosol_particles,atmosphere_optical_thickness_due_to_pm1_ambient_aerosol
3baa6c7f-8ca2-11ef-944e-41a8eb05f654,atmosphere_optical_thickness_due_to_pm2p5_ambient_aerosol_particles,atmosphere_optical_thickness_due_to_pm2p5_ambient_aerosol
3baa6c83-8ca2-11ef-944e-41a8eb05f654,atmosphere_optical_thickness_due_to_pm10_ambient_aerosol_particles,atmosphere_optical_thickness_due_to_pm10_ambient_aerosol
3baa6c6a-8ca2-11ef-944e-41a8eb05f654,atmosphere_optical_thickness_due_to_sea_salt_ambient_aerosol_particles,atmosphere_optical_thickness_due_to_seasalt_ambient_aerosol
3baa6c69-8ca2-11ef-944e-41a8eb05f654,atmosphere_optical_thickness_due_to_sea_salt_ambient_aerosol_particles,atmosphere_optical_thickness_due_to_seasalt_ambient_aerosol_particles
3ba9aa75-8ca2-11ef-944e-41a8eb05f654,atmosphere_optical_thickness_due_to_water_in_ambient_aerosol_particles,atmosphere_optical_thickness_due_to_water_in_ambient_aerosol
3baa6d9b-8ca2-11ef-944e-41a8eb05f654,atmosphere_upward_relative_vorticity,atmosphere_relative_vorticity
3ba9aa27-8ca2-11ef-944e-41a8eb05f654,atmosphere_mass_content_of_sulfate,atmosphere_so4_content
3ba9aa48-8ca2-11ef-944e-41a8eb05f654,atmosphere_convective_available_potential_energy,atmosphere_specific_convective_available_potential_energy
3ba9aa28-8ca2-11ef-944e-41a8eb05f654,atmosphere_mass_content_of_sulfate,atmosphere_sulfate_content
3ba9a9ec-8ca2-11ef-944e-41a8eb05f654,surface_drag_coefficient_in_air,atmosphere_surface_drag_coefficient
3ba9a9ea-8ca2-11ef-944e-41a8eb05f654,surface_drag_coefficient_for_heat_in_air,atmosphere_surface_drag_coefficient_of_heat
3ba9a9eb-8ca2-11ef-944e-41a8eb05f654,surface_drag_coefficient_for_momentum_in_air,atmosphere_surface_drag_coefficient_of_momentum
3ba9aa25-8ca2-11ef-944e-41a8eb05f654,atmosphere_mass_content_of_water_vapor,atmosphere_water_vapor_content
3baa6d47-8ca2-11ef-944e-41a8eb05f654,backscattering_ratio_in_air,backscattering_ratio
3baa6da4-8ca2-11ef-944e-41a8eb05f654,biological_taxon_lsid,biological_taxon_identifier
3baa6cc2-8ca2-11ef-944e-41a8eb05f654,eastward_sea_water_velocity_due_to_parameterized_mesoscale_eddies,bolus_eastward_sea_water_velocity
3baa6cc1-8ca2-11ef-944e-41a8eb05f654,northward_sea_water_velocity_due_to_parameterized_mesoscale_eddies,bolus_northward_sea_water_velocity
3baa6cc3-8ca2-11ef-944e-41a8eb05f654,sea_water_x_velocity_due_to_parameterized_mesoscale_eddies,bolus_sea_water_x_velocity
3baa6cc4-8ca2-11ef-944e-41a8eb05f654,sea_water_y_velocity_due_to_parameterized_mesoscale_eddies,bolus_sea_water_y_velocity
3baa6cc5-8ca2-11ef-944e-41a8eb05f654,upward_sea_water_velocity_due_to_parameterized_mesoscale_eddies,bolus_upward_sea_water_velocity
3baa6cda-8ca2-11ef-944e-41a8eb05f654,carbon_mass_content_of_forestry_and_agricultural_products,carbon_content_of_forestry_and_agricultural_products
3baa6cdb-8ca2-11ef-944e-41a8eb05f654,carbon_mass_content_of_forestry_and_agricultural_products,carbon_content_of_products_of_anthropogenic_land_use_change
3baa6d44-8ca2-11ef-944e-41a8eb05f654,carbon_mass_flux_into_litter_and_soil_due_to_anthropogenic_land_use_or_land_cover_change,carbon_mass_flux_into_soil_and_litter_due_to_anthropogenic_land_use_or_land_cover_change
3ba9aa29-8ca2-11ef-944e-41a8eb05f654,change_over_time_in_atmosphere_mass_content_of_water_due_to_advection,change_over_time_in_atmosphere_water_content_due_to_advection
3ba9aa2a-8ca2-11ef-944e-41a8eb05f654,change_over_time_in_atmosphere_mass_content_of_water_due_to_advection,change_over_time_in_atmospheric_water_content_due_to_advection
3ba9aa46-8ca2-11ef-944e-41a8eb05f654,mass_concentration_of_chlorophyll_in_sea_water,chlorophyll_concentration_in_sea_water
3ba9aa2c-8ca2-11ef-944e-41a8eb05f654,mass_content_of_cloud_condensed_water_in_atmosphere_layer,cloud_condensed_water_content_of_atmosphere_layer
3ba9aa2d-8ca2-11ef-944e-41a8eb05f654,mass_content_of_cloud_ice_in_atmosphere_layer,cloud_ice_content_of_atmosphere_layer
3baa6d86-8ca2-11ef-944e-41a8eb05f654,mass_content_of_cloud_liquid_water_in_atmosphere_layer,cloud_liquid_water_content_of_atmosphere_layer
3ba9aa47-8ca2-11ef-944e-41a8eb05f654,mass_concentration_of_chlorophyll_in_sea_water,concentration_of_chlorophyll_in_sea_water
3ba9aa02-8ca2-11ef-944e-41a8eb05f654,mass_concentration_of_suspended_matter_in_sea_water,concentration_of_suspended_matter_in_sea_water
3ba6666f-8ca2-11ef-944e-41a8eb05f654,lwe_convective_precipitation_rate,convective_precipitation_rate
3baa6d7c-8ca2-11ef-944e-41a8eb05f654,sea_water_velocity_to_direction,direction_of_sea_water_velocity
3baa6c61-8ca2-11ef-944e-41a8eb05f654,sea_surface_swell_wave_to_direction,direction_of_swell_wave_velocity
3baa6c62-8ca2-11ef-944e-41a8eb05f654,sea_surface_wind_wave_to_direction,direction_of_wind_wave_velocity
3ba9aa17-8ca2-11ef-944e-41a8eb05f654,kinetic_energy_dissipation_in_atmosphere_boundary_layer,dissipation_in_atmosphere_boundary_layer
3baa6d09-8ca2-11ef-944e-41a8eb05f654,downwelling_shortwave_flux_in_air_assuming_clear_sky_and_no_aerosol,downwelling_shortwave_flux_in_air_assuming_clean_clear_sky
3baa6d02-8ca2-11ef-944e-41a8eb05f654,downwelling_photon_flux_per_unit_wavelength_in_sea_water,downwelling_spectral_photon_flux_in_sea_water
3baa6d03-8ca2-11ef-944e-41a8eb05f654,downwelling_photon_radiance_per_unit_wavelength_in_sea_water,downwelling_spectral_photon_radiance_in_sea_water
3baa6d04-8ca2-11ef-944e-41a8eb05f654,downwelling_photon_spherical_irradiance_per_unit_wavelength_in_sea_water,downwelling_spectral_photon_spherical_irradiance_in_sea_water
3baa6d05-8ca2-11ef-944e-41a8eb05f654,downwelling_radiance_per_unit_wavelength_in_air,downwelling_spectral_radiance_in_air
3baa6d06-8ca2-11ef-944e-41a8eb05f654,downwelling_radiance_per_unit_wavelength_in_sea_water,downwelling_spectral_radiance_in_sea_water
3baa6d07-8ca2-11ef-944e-41a8eb05f654,downwelling_radiative_flux_per_unit_wavelength_in_air,downwelling_spectral_radiative_flux_in_air
3baa6d08-8ca2-11ef-944e-41a8eb05f654,downwelling_radiative_flux_per_unit_wavelength_in_sea_water,downwelling_spectral_radiative_flux_in_sea_water
3baa6d0a-8ca2-11ef-944e-41a8eb05f654,downwelling_spherical_irradiance_per_unit_wavelength_in_sea_water,downwelling_spectral_spherical_irradiance_in_sea_water
3baa6cd3-8ca2-11ef-944e-41a8eb05f654,eastward_transformed_eulerian_mean_air_velocity,eastward_transformed_eulerian_mean_velocity
3ba9aa16-8ca2-11ef-944e-41a8eb05f654,eastward_water_vapor_flux_in_air,eastward_water_vapor_flux
3baa6d98-8ca2-11ef-944e-41a8eb05f654,upward_derivative_of_eastward_wind,eastward_wind_shear
3baa6d7f-8ca2-11ef-944e-41a8eb05f654,effective_radius_of_cloud_liquid_water_particles,effective_radius_of_cloud_liquid_water_particle
3baa6d87-8ca2-11ef-944e-41a8eb05f654,effective_radius_of_cloud_liquid_water_particles_at_liquid_water_cloud_top,effective_radius_of_cloud_liquid_water_particle_at_liquid_water_cloud_top
3baa6d49-8ca2-11ef-944e-41a8eb05f654,effective_radius_of_convective_cloud_ice_particles,effective_radius_of_convective_cloud_ice_particle
3baa6d80-8ca2-11ef-944e-41a8eb05f654,effective_radius_of_convective_cloud_liquid_water_particles,effective_radius_of_convective_cloud_liquid_water_particle
3baa6d81-8ca2-11ef-944e-41a8eb05f654,effective_radius_of_convective_cloud_liquid_water_particles_at_convective_liquid_water_cloud_top,effective_radius_of_convective_cloud_liquid_water_particle_at_convective_liquid_water_cloud_top
3baa6d4a-8ca2-11ef-944e-41a8eb05f654,effective_radius_of_convective_cloud_rain_particles,effective_radius_of_convective_cloud_rain_particle
3baa6d4b-8ca2-11ef-944e-41a8eb05f654,effective_radius_of_convective_cloud_snow_particles,effective_radius_of_convective_cloud_snow_particle
3baa6d4c-8ca2-11ef-944e-41a8eb05f654,effective_radius_of_stratiform_cloud_graupel_particles,effective_radius_of_stratiform_cloud_graupel_particle
3baa6d4d-8ca2-11ef-944e-41a8eb05f654,effective_radius_of_stratiform_cloud_ice_particles,effective_radius_of_stratiform_cloud_ice_particle
3baa6d82-8ca2-11ef-944e-41a8eb05f654,effective_radius_of_stratiform_cloud_liquid_water_particles,effective_radius_of_stratiform_cloud_liquid_water_particle
3baa6d83-8ca2-11ef-944e-41a8eb05f654,effective_radius_of_stratiform_cloud_liquid_water_particles_at_stratiform_liquid_water_cloud_top,effective_radius_of_stratiform_cloud_liquid_water_particle_at_stratiform_liquid_water_cloud_top
3baa6d4e-8ca2-11ef-944e-41a8eb05f654,effective_radius_of_stratiform_cloud_rain_particles,effective_radius_of_stratiform_cloud_rain_particle
3baa6d6f-8ca2-11ef-944e-41a8eb05f654,effective_radius_of_stratiform_cloud_snow_particles,effective_radius_of_stratiform_cloud_snow_particle
3baa6d51-8ca2-11ef-944e-41a8eb05f654,electrical_mobility_diameter_of_ambient_aerosol_particles,electrical_mobility_particle_diameter
3ba9a9e8-8ca2-11ef-944e-41a8eb05f654,radiation_wavelength,electromagnetic_wavelength
3baa6db2-8ca2-11ef-944e-41a8eb05f654,air_equivalent_potential_temperature,equivalent_potential_temperature
3baa6db1-8ca2-11ef-944e-41a8eb05f654,air_equivalent_temperature,equivalent_temperature
3ba9aa3b-8ca2-11ef-944e-41a8eb05f654,equivalent_thickness_at_stp_of_atmosphere_ozone_content,equivalent_thickness_at_stp_of_atmosphere_o3_content
3baa6cde-8ca2-11ef-944e-41a8eb05f654,fast_soil_pool_mass_content_of_carbon,fast_soil_pool_carbon_content
3baa6d3e-8ca2-11ef-944e-41a8eb05f654,floating_ice_shelf_area_fraction,floating_ice_sheet_area_fraction
3ba9aa3e-8ca2-11ef-944e-41a8eb05f654,x_wind,grid_eastward_wind
3ba9aa3f-8ca2-11ef-944e-41a8eb05f654,y_wind,grid_northward_wind
3ba9aa4a-8ca2-11ef-944e-41a8eb05f654,gross_primary_productivity_of_biomass_expressed_as_carbon,gross_primary_productivity_of_carbon
3baa6d8c-8ca2-11ef-944e-41a8eb05f654,growth_limitation_of_diazotrophic_phytoplankton_due_to_solar_irradiance,growth_limitation_of_diazotrophs_due_to_solar_irradiance
3baa6da9-8ca2-11ef-944e-41a8eb05f654,heat_flux_into_sea_water_due_to_flux_adjustment,heat_flux_correction
3baa6cd5-8ca2-11ef-944e-41a8eb05f654,surface_upward_mass_flux_of_carbon_dioxide_expressed_as_carbon_due_to_heterotrophic_respiration,heterotrophic_respiration_carbon_flux
3baa6d48-8ca2-11ef-944e-41a8eb05f654,histogram_of_backscattering_ratio_in_air_over_height_above_reference_ellipsoid,histogram_of_backscattering_ratio_over_height_above_reference_ellipsoid
3baa6dc3-8ca2-11ef-944e-41a8eb05f654,integral_wrt_time_of_air_temperature_deficit,integral_of_air_temperature_deficit_wrt_time
3baa6dc4-8ca2-11ef-944e-41a8eb05f654,integral_wrt_time_of_air_temperature_excess,integral_of_air_temperature_excess_wrt_time
3baa6ce6-8ca2-11ef-944e-41a8eb05f654,integral_wrt_height_of_product_of_eastward_wind_and_specific_humidity,integral_of_product_of_eastward_wind_and_specific_humidity_wrt_height
3baa6ce7-8ca2-11ef-944e-41a8eb05f654,integral_wrt_height_of_product_of_northward_wind_and_specific_humidity,integral_of_product_of_northward_wind_and_specific_humidity_wrt_height
3baa6cef-8ca2-11ef-944e-41a8eb05f654,sea_ice_temperature_expressed_as_heat_content,integral_of_sea_ice_temperature_wrt_depth_expressed_as_heat_content
3baa6cf1-8ca2-11ef-944e-41a8eb05f654,sea_water_potential_temperature_expressed_as_heat_content,integral_of_sea_water_potential_temperature_wrt_depth_expressed_as_heat_content
3baa6ce5-8ca2-11ef-944e-41a8eb05f654,integral_wrt_depth_of_sea_water_practical_salinity,integral_of_sea_water_practical_salinity_wrt_depth
3baa6dbe-8ca2-11ef-944e-41a8eb05f654,integral_wrt_depth_of_sea_water_temperature,integral_of_sea_water_temperature_wrt_depth_in_ocean_layer
3baa6d9f-8ca2-11ef-944e-41a8eb05f654,integral_wrt_time_of_surface_downward_eastward_stress,integral_of_surface_downward_eastward_stress_wrt_time
3baa6cb2-8ca2-11ef-944e-41a8eb05f654,integral_wrt_time_of_surface_downward_latent_heat_flux,integral_of_surface_downward_latent_heat_flux_wrt_time
3baa6d9e-8ca2-11ef-944e-41a8eb05f654,integral_wrt_time_of_surface_downward_northward_stress,integral_of_surface_downward_northward_stress_wrt_time
3baa6cb3-8ca2-11ef-944e-41a8eb05f654,integral_wrt_time_of_surface_downward_sensible_heat_flux,integral_of_surface_downward_sensible_heat_flux_wrt_time
3baa6d0b-8ca2-11ef-944e-41a8eb05f654,integral_wrt_time_of_surface_downwelling_longwave_flux_in_air,integral_of_surface_downwelling_longwave_flux_in_air_wrt_time
3baa6d0c-8ca2-11ef-944e-41a8eb05f654,integral_wrt_time_of_surface_downwelling_shortwave_flux_in_air,integral_of_surface_downwelling_shortwave_flux_in_air_wrt_time
3baa6cb4-8ca2-11ef-944e-41a8eb05f654,integral_wrt_time_of_surface_net_downward_longwave_flux,integral_of_surface_net_downward_longwave_flux_wrt_time
3baa6cb5-8ca2-11ef-944e-41a8eb05f654,integral_wrt_time_of_surface_net_downward_shortwave_flux,integral_of_surface_net_downward_shortwave_flux_wrt_time
3baa6cb6-8ca2-11ef-944e-41a8eb05f654,integral_wrt_time_of_toa_net_downward_shortwave_flux,integral_of_toa_net_downward_shortwave_flux_wrt_time
3baa6cb7-8ca2-11ef-944e-41a8eb05f654,integral_wrt_time_of_toa_outgoing_longwave_flux,integral_of_toa_outgoing_longwave_flux_wrt_time
3baa6dba-8ca2-11ef-944e-41a8eb05f654,integral_wrt_depth_of_product_of_conservative_temperature_and_sea_water_density,integral_wrt_depth_of_product_of_sea_water_density_and_conservative_temperature
3baa6dbb-8ca2-11ef-944e-41a8eb05f654,integral_wrt_depth_of_product_of_potential_temperature_and_sea_water_density,integral_wrt_depth_of_product_of_sea_water_density_and_potential_temperature
3baa6d7a-8ca2-11ef-944e-41a8eb05f654,integral_wrt_depth_of_product_of_salinity_and_sea_water_density,integral_wrt_depth_of_product_of_sea_water_density_and_salinity
3baa6cee-8ca2-11ef-944e-41a8eb05f654,sea_ice_temperature_expressed_as_heat_content,integral_wrt_depth_of_sea_ice_temperature_expressed_as_heat_content
3baa6cf0-8ca2-11ef-944e-41a8eb05f654,sea_water_potential_temperature_expressed_as_heat_content,integral_wrt_depth_of_sea_water_potential_temperature_expressed_as_heat_content
3baa6dbc-8ca2-11ef-944e-41a8eb05f654,integral_wrt_depth_of_sea_water_temperature,integral_wrt_depth_of_sea_water_temperature_in_ocean_layer
3baa6d8d-8ca2-11ef-944e-41a8eb05f654,iron_growth_limitation_of_diazotrophic_phytoplankton,iron_growth_limitation_of_diazotrophs
3ba9aa43-8ca2-11ef-944e-41a8eb05f654,isotropic_radiance_per_unit_wavelength_in_air,isotropic_spectral_radiance_in_air
3baa6d96-8ca2-11ef-944e-41a8eb05f654,area_type,land_cover
3ba9aa42-8ca2-11ef-944e-41a8eb05f654,land_ice_lwe_surface_specific_mass_balance_rate,land_ice_lwe_surface_specific_mass_balance
3ba9aa41-8ca2-11ef-944e-41a8eb05f654,land_ice_surface_specific_mass_balance_rate,land_ice_surface_specific_mass_balance
3baa6d3f-8ca2-11ef-944e-41a8eb05f654,stratiform_cloud_area_fraction,large_scale_cloud_area_fraction
3baa6ceb-8ca2-11ef-944e-41a8eb05f654,stratiform_graupel_flux,large_scale_graupel_flux
3baa6d20-8ca2-11ef-944e-41a8eb05f654,stratiform_precipitation_amount,large_scale_precipitation_amount
3baa6d21-8ca2-11ef-944e-41a8eb05f654,stratiform_precipitation_flux,large_scale_precipitation_flux
3ba9aa1b-8ca2-11ef-944e-41a8eb05f654,stratiform_rainfall_amount,large_scale_rainfall_amount
3ba9aa1c-8ca2-11ef-944e-41a8eb05f654,stratiform_rainfall_flux,large_scale_rainfall_flux
3ba9aa1d-8ca2-11ef-944e-41a8eb05f654,stratiform_rainfall_rate,large_scale_rainfall_rate
3ba9aa1e-8ca2-11ef-944e-41a8eb05f654,stratiform_snowfall_amount,large_scale_snowfall_amount
3ba9aa1f-8ca2-11ef-944e-41a8eb05f654,stratiform_snowfall_flux,large_scale_snowfall_flux
3baa6cdc-8ca2-11ef-944e-41a8eb05f654,leaf_mass_content_of_carbon,leaf_carbon_content
3baa6da2-8ca2-11ef-944e-41a8eb05f654,liquid_water_content_of_surface_snow,liquid_water_content_of_snow_layer
3baa6cd1-8ca2-11ef-944e-41a8eb05f654,litter_mass_content_of_carbon,litter_carbon_content
3baa6cd0-8ca2-11ef-944e-41a8eb05f654,mass_flux_of_carbon_into_litter_from_vegetation,litter_carbon_flux
3ba9a9e4-8ca2-11ef-944e-41a8eb05f654,isotropic_longwave_radiance_in_air,longwave_radiance
3baa6d1e-8ca2-11ef-944e-41a8eb05f654,lwe_stratiform_precipitation_rate,lwe_large_scale_precipitation_rate
3ba9aa18-8ca2-11ef-944e-41a8eb05f654,lwe_stratiform_snowfall_rate,lwe_large_scale_snowfall_rate
3ba9aa2b-8ca2-11ef-944e-41a8eb05f654,lwe_thickness_of_atmosphere_mass_content_of_water_vapor,lwe_thickness_of_atmosphere_water_vapor_content
3baa6d1f-8ca2-11ef-944e-41a8eb05f654,lwe_thickness_of_stratiform_precipitation_amount,lwe_thickness_of_large_scale_precipitation_amount
3ba9aa19-8ca2-11ef-944e-41a8eb05f654,lwe_thickness_of_stratiform_snowfall_amount,lwe_thickness_of_large_scale_snowfall_amount
3ba9aa70-8ca2-11ef-944e-41a8eb05f654,mass_concentration_of_ammonium_dry_aerosol_particles_in_air,mass_concentration_of_ammonium_dry_aerosol_in_air
3baa6d4f-8ca2-11ef-944e-41a8eb05f654,mass_concentration_of_biomass_burning_dry_aerosol_particles_in_air,mass_concentration_of_biomass_burning_dry_aerosol_in_air
3baa6ca1-8ca2-11ef-944e-41a8eb05f654,mass_concentration_of_elemental_carbon_dry_aerosol_particles_in_air,mass_concentration_of_black_carbon_dry_aerosol_in_air
3ba9aa6f-8ca2-11ef-944e-41a8eb05f654,mass_concentration_of_coarse_mode_ambient_aerosol_particles_in_air,mass_concentration_of_coarse_mode_ambient_aerosol_in_air
3baa6d8e-8ca2-11ef-944e-41a8eb05f654,mass_concentration_of_diazotrophic_phytoplankton_expressed_as_chlorophyll_in_sea_water,mass_concentration_of_diazotrophs_expressed_as_chlorophyll_in_sea_water
3ba9aa6e-8ca2-11ef-944e-41a8eb05f654,mass_concentration_of_dust_dry_aerosol_particles_in_air,mass_concentration_of_dust_dry_aerosol_in_air
3ba9aa76-8ca2-11ef-944e-41a8eb05f654,mass_concentration_of_mercury_dry_aerosol_particles_in_air,mass_concentration_of_mercury_dry_aerosol_in_air
3ba9aa77-8ca2-11ef-944e-41a8eb05f654,mass_concentration_of_nitrate_dry_aerosol_particles_in_air,mass_concentration_of_nitrate_dry_aerosol_in_air
3ba9aa78-8ca2-11ef-944e-41a8eb05f654,mass_concentration_of_nitric_acid_trihydrate_ambient_aerosol_particles_in_air,mass_concentration_of_nitric_acid_trihydrate_ambient_aerosol_in_air
3ba9aa74-8ca2-11ef-944e-41a8eb05f654,mass_concentration_of_particulate_organic_matter_dry_aerosol_particles_in_air,mass_concentration_of_particulate_organic_matter_dry_aerosol_in_air
3baa6c7c-8ca2-11ef-944e-41a8eb05f654,mass_concentration_of_pm1_ambient_aerosol_particles_in_air,mass_concentration_of_pm1_ambient_aerosol_in_air
3baa6c80-8ca2-11ef-944e-41a8eb05f654,mass_concentration_of_pm2p5_ambient_aerosol_particles_in_air,mass_concentration_of_pm2p5_ambient_aerosol_in_air
3baa6c84-8ca2-11ef-944e-41a8eb05f654,mass_concentration_of_pm10_ambient_aerosol_particles_in_air,mass_concentration_of_pm10_ambient_aerosol_in_air
3ba9aa73-8ca2-11ef-944e-41a8eb05f654,mass_concentration_of_primary_particulate_organic_matter_dry_aerosol_particles_in_air,mass_concentration_of_primary_particulate_organic_matter_dry_aerosol_in_air
3baa6c6c-8ca2-11ef-944e-41a8eb05f654,mass_concentration_of_sea_salt_dry_aerosol_particles_in_air,mass_concentration_of_seasalt_dry_aerosol_in_air
3baa6c6b-8ca2-11ef-944e-41a8eb05f654,mass_concentration_of_sea_salt_dry_aerosol_particles_in_air,mass_concentration_of_seasalt_dry_aerosol_particles_in_air
3ba9aa79-8ca2-11ef-944e-41a8eb05f654,mass_concentration_of_secondary_particulate_organic_matter_dry_aerosol_particles_in_air,mass_concentration_of_secondary_particulate_organic_matter_dry_aerosol_in_air
3ba9aa7b-8ca2-11ef-944e-41a8eb05f654,mass_concentration_of_sulfate_ambient_aerosol_particles_in_air,mass_concentration_of_sulfate_aerosol_in_air
3ba9aa7a-8ca2-11ef-944e-41a8eb05f654,mass_concentration_of_sulfate_ambient_aerosol_particles_in_air,mass_concentration_of_sulfate_ambient_aerosol_in_air
3ba9aa7c-8ca2-11ef-944e-41a8eb05f654,mass_concentration_of_sulfate_dry_aerosol_particles_in_air,mass_concentration_of_sulfate_dry_aerosol_in_air
3ba9aa7d-8ca2-11ef-944e-41a8eb05f654,mass_concentration_of_water_in_ambient_aerosol_particles_in_air,mass_concentration_of_water_in_ambient_aerosol_in_air
3ba9aa7e-8ca2-11ef-944e-41a8eb05f654,mass_fraction_of_ammonium_dry_aerosol_particles_in_air,mass_fraction_of_ammonium_dry_aerosol_in_air
3baa6ca3-8ca2-11ef-944e-41a8eb05f654,mass_fraction_of_elemental_carbon_dry_aerosol_particles_in_air,mass_fraction_of_black_carbon_dry_aerosol_in_air
3ba9a9ef-8ca2-11ef-944e-41a8eb05f654,mass_fraction_of_convective_cloud_condensed_water_in_air,mass_fraction_of_convective_condensed_water_in_air
3ba9aa7f-8ca2-11ef-944e-41a8eb05f654,mass_fraction_of_dust_dry_aerosol_particles_in_air,mass_fraction_of_dust_dry_aerosol_in_air
3baa6d42-8ca2-11ef-944e-41a8eb05f654,mass_fraction_of_mercury_dry_aerosol_particles_in_air,mass_fraction_of_mercury_dry_aerosol_in_air
3ba9aa80-8ca2-11ef-944e-41a8eb05f654,mass_fraction_of_nitrate_dry_aerosol_particles_in_air,mass_fraction_of_nitrate_dry_aerosol_in_air
3ba9aa81-8ca2-11ef-944e-41a8eb05f654,mass_fraction_of_nitric_acid_trihydrate_ambient_aerosol_particles_in_air,mass_fraction_of_nitric_acid_trihydrate_ambient_aerosol_in_air
3ba9a9f0-8ca2-11ef-944e-41a8eb05f654,mass_fraction_of_ozone_in_air,mass_fraction_of_o3_in_air
3ba9aa51-8ca2-11ef-944e-41a8eb05f654,mass_fraction_of_particulate_organic_matter_dry_aerosol_particles_in_air,mass_fraction_of_particulate_organic_matter_dry_aerosol_in_air
3baa6c7e-8ca2-11ef-944e-41a8eb05f654,mass_fraction_of_pm1_ambient_aerosol_particles_in_air,mass_fraction_of_pm1_aerosol_in_air
3baa6c7d-8ca2-11ef-944e-41a8eb05f654,mass_fraction_of_pm1_ambient_aerosol_particles_in_air,mass_fraction_of_pm1_ambient_aerosol_in_air
3baa6c82-8ca2-11ef-944e-41a8eb05f654,mass_fraction_of_pm2p5_ambient_aerosol_particles_in_air,mass_fraction_of_pm2p5_aerosol_in_air
3baa6c81-8ca2-11ef-944e-41a8eb05f654,mass_fraction_of_pm2p5_ambient_aerosol_particles_in_air,mass_fraction_of_pm2p5_ambient_aerosol_in_air
3baa6c86-8ca2-11ef-944e-41a8eb05f654,mass_fraction_of_pm10_ambient_aerosol_particles_in_air,mass_fraction_of_pm10_aerosol_in_air
3baa6c85-8ca2-11ef-944e-41a8eb05f654,mass_fraction_of_pm10_ambient_aerosol_particles_in_air,mass_fraction_of_pm10_ambient_aerosol_in_air
3ba9aa52-8ca2-11ef-944e-41a8eb05f654,mass_fraction_of_primary_particulate_organic_matter_dry_aerosol_particles_in_air,mass_fraction_of_primary_particulate_organic_matter_dry_aerosol_in_air
3baa6d94-8ca2-11ef-944e-41a8eb05f654,mass_fraction_of_liquid_precipitation_in_air,mass_fraction_of_rain_and_drizzle_in_air
3baa6d95-8ca2-11ef-944e-41a8eb05f654,mass_fraction_of_liquid_precipitation_in_air,mass_fraction_of_rain_in_air
3baa6c6e-8ca2-11ef-944e-41a8eb05f654,mass_fraction_of_sea_salt_dry_aerosol_particles_in_air,mass_fraction_of_seasalt_dry_aerosol_in_air
3baa6c6d-8ca2-11ef-944e-41a8eb05f654,mass_fraction_of_sea_salt_dry_aerosol_particles_in_air,mass_fraction_of_seasalt_dry_aerosol_particles_in_air
3baa6c2e-8ca2-11ef-944e-41a8eb05f654,mass_fraction_of_secondary_particulate_organic_matter_dry_aerosol_particles_in_air,mass_fraction_of_secondary_particulate_organic_matter_dry_aerosol_in_air
3baa6c2f-8ca2-11ef-944e-41a8eb05f654,mass_fraction_of_sulfate_dry_aerosol_particles_in_air,mass_fraction_of_sulfate_dry_aerosol_in_air
3baa6c30-8ca2-11ef-944e-41a8eb05f654,mass_fraction_of_water_in_ambient_aerosol_particles_in_air,mass_fraction_of_water_in_ambient_aerosol_in_air
3baa6cdd-8ca2-11ef-944e-41a8eb05f654,medium_soil_pool_mass_content_of_carbon,medium_soil_pool_carbon_content
3baa6cdf-8ca2-11ef-944e-41a8eb05f654,miscellaneous_living_matter_mass_content_of_carbon,miscellaneous_living_matter_carbon_content
3baa6c5f-8ca2-11ef-944e-41a8eb05f654,mass_content_of_water_in_soil_layer,moisture_content_of_soil_layer
3baa6d2c-8ca2-11ef-944e-41a8eb05f654,mole_concentration_of_diatoms_expressed_as_nitrogen_in_sea_water,mole_concentration_of_diatoms_in_sea_water_expressed_as_nitrogen
3baa6d8f-8ca2-11ef-944e-41a8eb05f654,mole_concentration_of_diazotrophic_phytoplankton_expressed_as_carbon_in_sea_water,mole_concentration_of_diazotrophs_expressed_as_carbon_in_sea_water
3baa6cca-8ca2-11ef-944e-41a8eb05f654,mole_concentration_of_dissolved_inorganic_13C_in_sea_water,mole_concentration_of_dissolved_inorganic_carbon13_in_sea_water
3baa6ccd-8ca2-11ef-944e-41a8eb05f654,mole_concentration_of_dissolved_inorganic_14C_in_sea_water,mole_concentration_of_dissolved_inorganic_carbon14_in_sea_water
3ba9aa03-8ca2-11ef-944e-41a8eb05f654,mole_concentration_of_mesozooplankton_expressed_as_nitrogen_in_sea_water,mole_concentration_of_mesozooplankton_in_sea_water_expressed_as_nitrogen
3ba9aa04-8ca2-11ef-944e-41a8eb05f654,mole_concentration_of_microzooplankton_expressed_as_nitrogen_in_sea_water,mole_concentration_of_microzooplankton_in_sea_water_expressed_as_nitrogen
3baa6c31-8ca2-11ef-944e-41a8eb05f654,mole_concentration_of_nitric_acid_trihydrate_ambient_aerosol_particles_in_air,mole_concentration_of_nitric_acid_trihydrate_ambient_aerosol_in_air
3ba9aa05-8ca2-11ef-944e-41a8eb05f654,mole_concentration_of_organic_detritus_expressed_as_nitrogen_in_sea_water,mole_concentration_of_organic_detritus_in_sea_water_expressed_as_nitrogen
3ba9aa06-8ca2-11ef-944e-41a8eb05f654,mole_concentration_of_organic_detritus_expressed_as_silicon_in_sea_water,mole_concentration_of_organic_detritus_in_sea_water_expressed_as_silicon
3baa6d32-8ca2-11ef-944e-41a8eb05f654,mole_concentration_of_phytoplankton_expressed_as_nitrogen_in_sea_water,mole_concentration_of_phytoplankton_in_sea_water_expressed_as_nitrogen
3baa6d3c-8ca2-11ef-944e-41a8eb05f654,mole_fraction_of_methylglyoxal_in_air,mole_fraction_of_methlyglyoxal_in_air
3baa6c32-8ca2-11ef-944e-41a8eb05f654,mole_fraction_of_nitric_acid_trihydrate_ambient_aerosol_particles_in_air,mole_fraction_of_nitric_acid_trihydrate_ambient_aerosol_in_air
3ba9a9e6-8ca2-11ef-944e-41a8eb05f654,mole_fraction_of_ozone_in_air,mole_fraction_of_o3_in_air
3baa6d38-8ca2-11ef-944e-41a8eb05f654,mole_fraction_of_inorganic_bromine_in_air,mole_fraction_of_total_inorganic_bromine_in_air
3baa6d3b-8ca2-11ef-944e-41a8eb05f654,mole_fraction_of_noy_expressed_as_nitrogen_in_air,mole_fraction_of_total_reactive_nitrogen_in_air
3ba9a9fc-8ca2-11ef-944e-41a8eb05f654,atmosphere_moles_of_carbon_monoxide,moles_of_carbon_monoxide_in_atmosphere
3baa6d3d-8ca2-11ef-944e-41a8eb05f654,atmosphere_moles_of_carbon_tetrachloride,moles_of_carbon_tetrachloride_in_atmosphere
3baa6d6c-8ca2-11ef-944e-41a8eb05f654,atmosphere_moles_of_cfc11,moles_of_cfc11_in_atmosphere
3baa6d64-8ca2-11ef-944e-41a8eb05f654,atmosphere_moles_of_cfc12,moles_of_cfc12_in_atmosphere
3baa6d6a-8ca2-11ef-944e-41a8eb05f654,atmosphere_moles_of_cfc113,moles_of_cfc113_in_atmosphere
3baa6d68-8ca2-11ef-944e-41a8eb05f654,atmosphere_moles_of_cfc114,moles_of_cfc114_in_atmosphere
3baa6d66-8ca2-11ef-944e-41a8eb05f654,atmosphere_moles_of_cfc115,moles_of_cfc115_in_atmosphere
3baa6d62-8ca2-11ef-944e-41a8eb05f654,atmosphere_moles_of_halon1202,moles_of_halon1202_in_atmosphere
3baa6d60-8ca2-11ef-944e-41a8eb05f654,atmosphere_moles_of_halon1211,moles_of_halon1211_in_atmosphere
3baa6d5e-8ca2-11ef-944e-41a8eb05f654,atmosphere_moles_of_halon1301,moles_of_halon1301_in_atmosphere
3baa6d5c-8ca2-11ef-944e-41a8eb05f654,atmosphere_moles_of_halon2402,moles_of_halon2402_in_atmosphere
3baa6d5a-8ca2-11ef-944e-41a8eb05f654,atmosphere_moles_of_hcc140a,moles_of_hcc140a_in_atmosphere
3baa6d55-8ca2-11ef-944e-41a8eb05f654,atmosphere_moles_of_hcfc22,moles_of_hcfc22_in_atmosphere
3ba9a9fd-8ca2-11ef-944e-41a8eb05f654,atmosphere_moles_of_methane,moles_of_methane_in_atmosphere
3ba9a9fe-8ca2-11ef-944e-41a8eb05f654,atmosphere_moles_of_methyl_bromide,moles_of_methyl_bromide_in_atmosphere
3ba9a9ff-8ca2-11ef-944e-41a8eb05f654,atmosphere_moles_of_methyl_chloride,moles_of_methyl_chloride_in_atmosphere
3ba9aa00-8ca2-11ef-944e-41a8eb05f654,atmosphere_moles_of_molecular_hydrogen,moles_of_molecular_hydrogen_in_atmosphere
3ba9aa01-8ca2-11ef-944e-41a8eb05f654,atmosphere_moles_of_nitrous_oxide,moles_of_nitrous_oxide_in_atmosphere
3baa6da7-8ca2-11ef-944e-41a8eb05f654,moles_of_particulate_inorganic_carbon_per_unit_mass_in_sea_water,moles_of_particulate_inorganic_carbon_per_unit_mass_of_sea_water
3baa6d6d-8ca2-11ef-944e-41a8eb05f654,moles_of_cfc11_per_unit_mass_in_sea_water,moles_per_unit_mass_of_cfc11_in_sea_water
3baa6d90-8ca2-11ef-944e-41a8eb05f654,net_primary_mole_productivity_of_biomass_expressed_as_carbon_by_diazotrophic_phytoplankton,net_primary_mole_productivity_of_biomass_expressed_as_carbon_by_diazotrophs
3baa6d2d-8ca2-11ef-944e-41a8eb05f654,net_primary_mole_productivity_of_biomass_expressed_as_carbon_by_calcareous_phytoplankton,net_primary_mole_productivity_of_carbon_by_calcareous_phytoplankton
3baa6d2e-8ca2-11ef-944e-41a8eb05f654,net_primary_mole_productivity_of_biomass_expressed_as_carbon_by_diatoms,net_primary_mole_productivity_of_carbon_by_diatoms
3baa6d91-8ca2-11ef-944e-41a8eb05f654,net_primary_mole_productivity_of_biomass_expressed_as_carbon_by_diazotrophic_phytoplankton,net_primary_mole_productivity_of_carbon_by_diazotrophs
3baa6d39-8ca2-11ef-944e-41a8eb05f654,net_primary_mole_productivity_of_biomass_expressed_as_carbon_by_miscellaneous_phytoplankton,net_primary_mole_productivity_of_carbon_by_miscellaneous_phytoplankton
3baa6d2f-8ca2-11ef-944e-41a8eb05f654,net_primary_mole_productivity_of_biomass_expressed_as_carbon_by_phytoplankton,net_primary_mole_productivity_of_carbon_by_phytoplankton
3baa6d30-8ca2-11ef-944e-41a8eb05f654,net_primary_mole_productivity_of_biomass_expressed_as_carbon_by_picophytoplankton,net_primary_mole_productivity_of_carbon_by_picophytoplankton
3baa6d31-8ca2-11ef-944e-41a8eb05f654,net_primary_mole_productivity_of_biomass_expressed_as_carbon_due_to_nitrate_utilization,net_primary_mole_productivity_of_carbon_due_to_nitrate_utilization
3ba9aa4b-8ca2-11ef-944e-41a8eb05f654,net_primary_productivity_of_biomass_expressed_as_carbon,net_primary_productivity_of_carbon
3ba9aa4c-8ca2-11ef-944e-41a8eb05f654,net_primary_productivity_of_biomass_expressed_as_carbon_accumulated_in_leaves,net_primary_productivity_of_carbon_accumulated_in_leaves
3ba9aa4d-8ca2-11ef-944e-41a8eb05f654,net_primary_productivity_of_biomass_expressed_as_carbon_accumulated_in_roots,net_primary_productivity_of_carbon_accumulated_in_roots
3ba9aa4e-8ca2-11ef-944e-41a8eb05f654,net_primary_productivity_of_biomass_expressed_as_carbon_accumulated_in_wood,net_primary_productivity_of_carbon_accumulated_in_wood
3baa6d92-8ca2-11ef-944e-41a8eb05f654,nitrogen_growth_limitation_of_diazotrophic_phytoplankton,nitrogen_growth_limitation_of_diazotrophs
3ba9a9f2-8ca2-11ef-944e-41a8eb05f654,northward_eliassen_palm_flux_in_air,northward_eliassen_palm_flux
3ba9a9f3-8ca2-11ef-944e-41a8eb05f654,northward_heat_flux_in_air_due_to_eddy_advection,northward_heat_flux_due_to_eddy_advection
3baa6cb8-8ca2-11ef-944e-41a8eb05f654,northward_ocean_freshwater_transport_due_to_parameterized_eddy_advection,northward_ocean_freshwater_transport_due_to_bolus_advection
3baa6cc9-8ca2-11ef-944e-41a8eb05f654,northward_ocean_heat_transport_due_to_parameterized_eddy_advection,northward_ocean_heat_transport_due_to_bolus_advection
3baa6cb9-8ca2-11ef-944e-41a8eb05f654,northward_ocean_salt_transport_due_to_parameterized_eddy_advection,northward_ocean_salt_transport_due_to_bolus_advection
3baa6cd4-8ca2-11ef-944e-41a8eb05f654,northward_transformed_eulerian_mean_air_velocity,northward_transformed_eulerian_mean_velocity
3ba9aa1a-8ca2-11ef-944e-41a8eb05f654,northward_water_vapor_flux_in_air,northward_water_vapor_flux
3baa6d99-8ca2-11ef-944e-41a8eb05f654,upward_derivative_of_northward_wind,northward_wind_shear
3baa6c33-8ca2-11ef-944e-41a8eb05f654,number_concentration_of_ambient_aerosol_particles_in_air,number_concentration_of_ambient_aerosol_in_air
3baa6c34-8ca2-11ef-944e-41a8eb05f654,number_concentration_of_coarse_mode_ambient_aerosol_particles_in_air,number_concentration_of_coarse_mode_ambient_aerosol_in_air
3baa6d84-8ca2-11ef-944e-41a8eb05f654,number_concentration_of_convective_cloud_liquid_water_particles_at_convective_liquid_water_cloud_top,number_concentration_of_convective_cloud_liquid_water_particle_at_convective_liquid_water_cloud_top
3baa6c35-8ca2-11ef-944e-41a8eb05f654,number_concentration_of_nucleation_mode_ambient_aerosol_particles_in_air,number_concentration_of_nucleation_mode_ambient_aerosol_in_air
3baa6d85-8ca2-11ef-944e-41a8eb05f654,number_concentration_of_stratiform_cloud_liquid_water_particles_at_stratiform_liquid_water_cloud_top,number_concentration_of_stratiform_cloud_liquid_water_particle_at_stratiform_liquid_water_cloud_top
3baa6cba-8ca2-11ef-944e-41a8eb05f654,ocean_heat_x_transport_due_to_parameterized_eddy_advection,ocean_heat_x_transport_due_to_bolus_advection
3baa6cbb-8ca2-11ef-944e-41a8eb05f654,ocean_heat_y_transport_due_to_parameterized_eddy_advection,ocean_heat_y_transport_due_to_bolus_advection
3baa6dbf-8ca2-11ef-944e-41a8eb05f654,integral_wrt_depth_of_sea_water_temperature,ocean_integral_of_sea_water_temperature_wrt_depth
3baa6dbd-8ca2-11ef-944e-41a8eb05f654,integral_wrt_depth_of_sea_water_temperature,ocean_integral_wrt_depth_of_sea_water_temperature
3baa6cbc-8ca2-11ef-944e-41a8eb05f654,ocean_mass_x_transport_due_to_advection_and_parameterized_eddy_advection,ocean_mass_x_transport_due_to_advection_and_bolus_advection
3baa6cbd-8ca2-11ef-944e-41a8eb05f654,ocean_mass_y_transport_due_to_advection_and_parameterized_eddy_advection,ocean_mass_y_transport_due_to_advection_and_bolus_advection
3baa6cbe-8ca2-11ef-944e-41a8eb05f654,ocean_meridional_overturning_mass_streamfunction_due_to_parameterized_eddy_advection,ocean_meridional_overturning_mass_streamfunction_due_to_bolus_advection
3baa6c66-8ca2-11ef-944e-41a8eb05f654,ocean_mixed_layer_thickness_defined_by_vertical_tracer_diffusivity_deficit,ocean_mixed_layer_thickness_defined_by_vertical_tracer_diffusivity
3baa6cc6-8ca2-11ef-944e-41a8eb05f654,ocean_tracer_biharmonic_diffusivity_due_to_parameterized_mesoscale_eddy_advection,ocean_tracer_bolus_biharmonic_diffusivity
3baa6cc7-8ca2-11ef-944e-41a8eb05f654,ocean_tracer_laplacian_diffusivity_due_to_parameterized_mesoscale_eddy_advection,ocean_tracer_bolus_laplacian_diffusivity
3ba81032-8ca2-11ef-944e-41a8eb05f654,sea_water_volume,ocean_volume
3ba81033-8ca2-11ef-944e-41a8eb05f654,sea_water_volume_fraction,ocean_volume_fraction
3baa6cbf-8ca2-11ef-944e-41a8eb05f654,ocean_y_overturning_mass_streamfunction_due_to_parameterized_eddy_advection,ocean_y_overturning_mass_streamfunction_due_to_bolus_advection
3baa6c9f-8ca2-11ef-944e-41a8eb05f654,lagrangian_tendency_of_air_pressure,omega
3ba9aa45-8ca2-11ef-944e-41a8eb05f654,omnidirectional_spherical_irradiance_per_unit_wavelength_in_sea_water,omnidirectional_spectral_spherical_irradiance_in_sea_water
3baa6c37-8ca2-11ef-944e-41a8eb05f654,optical_thickness_of_atmosphere_layer_due_to_ambient_aerosol_particles,optical_thickness_of_atmosphere_layer_due_to_aerosol
3baa6c36-8ca2-11ef-944e-41a8eb05f654,optical_thickness_of_atmosphere_layer_due_to_ambient_aerosol_particles,optical_thickness_of_atmosphere_layer_due_to_ambient_aerosol
3baa6cd7-8ca2-11ef-944e-41a8eb05f654,surface_upward_mass_flux_of_carbon_dioxide_expressed_as_carbon_due_to_plant_respiration,plant_respiration_carbon_flux
3baa6d24-8ca2-11ef-944e-41a8eb05f654,platform_pitch,platform_pitch_angle
3baa6d23-8ca2-11ef-944e-41a8eb05f654,platform_roll,platform_roll_angle
3baa6d25-8ca2-11ef-944e-41a8eb05f654,platform_yaw,platform_yaw_angle
3baa6d1b-8ca2-11ef-944e-41a8eb05f654,precipitation_flux_onto_canopy,precipitation_flux_onto_canopy_where_land
3baa6dc2-8ca2-11ef-944e-41a8eb05f654,product_of_lagrangian_tendency_of_air_pressure_and_air_temperature,product_of_air_temperature_and_omega
3baa6d45-8ca2-11ef-944e-41a8eb05f654,product_of_eastward_wind_and_lagrangian_tendency_of_air_pressure,product_of_eastward_wind_and_omega
3baa6d73-8ca2-11ef-944e-41a8eb05f654,product_of_lagrangian_tendency_of_air_pressure_and_geopotential_height,product_of_geopotential_height_and_omega
3baa6d46-8ca2-11ef-944e-41a8eb05f654,product_of_northward_wind_and_lagrangian_tendency_of_air_pressure,product_of_northward_wind_and_omega
3ba9a9e7-8ca2-11ef-944e-41a8eb05f654,product_of_northward_wind_and_specific_humidity,product_of_northward_wind_and_specific_humdity
3baa6dc1-8ca2-11ef-944e-41a8eb05f654,product_of_lagrangian_tendency_of_air_pressure_and_air_temperature,product_of_omega_and_air_temperature
3baa6d74-8ca2-11ef-944e-41a8eb05f654,product_of_lagrangian_tendency_of_air_pressure_and_specific_humidity,product_of_omega_and_specific_humidity
3baa6d75-8ca2-11ef-944e-41a8eb05f654,product_of_lagrangian_tendency_of_air_pressure_and_specific_humidity,product_of_specific_humidity_and_omega
3baa6db3-8ca2-11ef-944e-41a8eb05f654,air_pseudo_equivalent_potential_temperature,pseudo_equivalent_potential_temperature
3baa6db4-8ca2-11ef-944e-41a8eb05f654,air_pseudo_equivalent_temperature,pseudo_equivalent_temperature
3baa6cf2-8ca2-11ef-944e-41a8eb05f654,incoming_water_volume_transport_along_river_channel,river_water_volume_transport_into_cell
3baa6d1a-8ca2-11ef-944e-41a8eb05f654,outgoing_water_volume_transport_along_river_channel,river_water_volume_transport_out_of_cell
3baa6ce0-8ca2-11ef-944e-41a8eb05f654,root_mass_content_of_carbon,root_carbon_content
3baa6c9d-8ca2-11ef-944e-41a8eb05f654,sea_floor_depth_below_geoid,sea_floor_depth
3baa6c89-8ca2-11ef-944e-41a8eb05f654,sea_floor_depth_below_mean_sea_level,sea_floor_depth_below_sea_level
3baa6d18-8ca2-11ef-944e-41a8eb05f654,magnitude_of_sea_ice_displacement,sea_ice_displacement
3baa6c9c-8ca2-11ef-944e-41a8eb05f654,sea_surface_height_above_geoid,sea_surface_elevation
3baa6c9b-8ca2-11ef-944e-41a8eb05f654,sea_surface_height_above_geoid,sea_surface_elevation_anomaly
3baa6c8b-8ca2-11ef-944e-41a8eb05f654,sea_surface_height_above_mean_sea_level,sea_surface_height
3baa6c8a-8ca2-11ef-944e-41a8eb05f654,sea_surface_height_above_mean_sea_level,sea_surface_height_above_sea_level
3baa6c65-8ca2-11ef-944e-41a8eb05f654,sea_surface_swell_wave_mean_period,sea_surface_swell_wave_zero_upcrossing_period
3ba9a9f1-8ca2-11ef-944e-41a8eb05f654,wave_frequency,sea_surface_wave_frequency
3baa6c63-8ca2-11ef-944e-41a8eb05f654,sea_surface_wave_mean_period,sea_surface_wave_zero_upcrossing_period
3baa6c64-8ca2-11ef-944e-41a8eb05f654,sea_surface_wind_wave_mean_period,sea_surface_wind_wave_zero_upcrossing_period
3baa6d7d-8ca2-11ef-944e-41a8eb05f654,sea_water_velocity_from_direction,sea_water_from_direction
3baa6d7b-8ca2-11ef-944e-41a8eb05f654,sea_water_velocity_to_direction,sea_water_to_direction
3ba9a9e5-8ca2-11ef-944e-41a8eb05f654,isotropic_shortwave_radiance_in_air,shortwave_radiance
3baa6c5c-8ca2-11ef-944e-41a8eb05f654,sea_surface_swell_wave_significant_height,significant_height_of_swell_waves
3baa6c5e-8ca2-11ef-944e-41a8eb05f654,sea_surface_wave_significant_height,significant_height_of_wind_and_swell_waves
3baa6c5d-8ca2-11ef-944e-41a8eb05f654,sea_surface_wind_wave_significant_height,significant_height_of_wind_waves
3baa6ce1-8ca2-11ef-944e-41a8eb05f654,slow_soil_pool_mass_content_of_carbon,slow_soil_pool_carbon_content
3baa6d9c-8ca2-11ef-944e-41a8eb05f654,surface_snow_density,snow_density
3baa6da3-8ca2-11ef-944e-41a8eb05f654,soot_content_of_surface_snow,snow_soot_content
3baa6db9-8ca2-11ef-944e-41a8eb05f654,temperature_in_surface_snow,snow_temperature
3baa6da0-8ca2-11ef-944e-41a8eb05f654,thermal_energy_content_of_surface_snow,snow_thermal_energy_content
3baa6ce2-8ca2-11ef-944e-41a8eb05f654,soil_mass_content_of_carbon,soil_carbon_content
3baa6c60-8ca2-11ef-944e-41a8eb05f654,mass_content_of_water_in_soil,soil_moisture_content
3baa6cd6-8ca2-11ef-944e-41a8eb05f654,surface_upward_mass_flux_of_carbon_dioxide_expressed_as_carbon_due_to_respiration_in_soil,soil_respiration_carbon_flux
3baa6db8-8ca2-11ef-944e-41a8eb05f654,temperature_in_ground,solid_earth_subsurface_temperature
3ba9aa49-8ca2-11ef-944e-41a8eb05f654,atmosphere_convective_available_potential_energy,specific_convective_available_potential_energy
3ba9a9e9-8ca2-11ef-944e-41a8eb05f654,specific_gravitational_potential_energy,specific_potential_energy
3ba9aa44-8ca2-11ef-944e-41a8eb05f654,isotropic_radiance_per_unit_wavelength_in_air,spectral_radiance
3baa6d27-8ca2-11ef-944e-41a8eb05f654,platform_name,station_description
3baa6d26-8ca2-11ef-944e-41a8eb05f654,platform_id,station_wmo_id
3baa6ccf-8ca2-11ef-944e-41a8eb05f654,subsurface_litter_mass_content_of_carbon,subsurface_litter_carbon_content
3ba9aa26-8ca2-11ef-944e-41a8eb05f654,surface_downward_mole_flux_of_carbon_dioxide,surface_carbon_dioxide_mole_flux
3baa6d97-8ca2-11ef-944e-41a8eb05f654,area_type,surface_cover
3baa6ccb-8ca2-11ef-944e-41a8eb05f654,surface_downward_mass_flux_of_13C_dioxide_abiotic_analogue_expressed_as_13C,surface_downward_mass_flux_of_carbon13_dioxide_abiotic_analogue_expressed_as_carbon13
3baa6ccc-8ca2-11ef-944e-41a8eb05f654,surface_downward_mass_flux_of_14C_dioxide_abiotic_analogue_expressed_as_carbon,surface_downward_mass_flux_of_carbon14_dioxide_abiotic_analogue_expressed_as_carbon
3baa6d0d-8ca2-11ef-944e-41a8eb05f654,surface_downwelling_longwave_flux_in_air,surface_downwelling_longwave_flux
3baa6d14-8ca2-11ef-944e-41a8eb05f654,surface_downwelling_shortwave_flux_in_air,surface_downwelling_shortwave_flux
3baa6d15-8ca2-11ef-944e-41a8eb05f654,surface_downwelling_shortwave_flux_in_air_assuming_clear_sky,surface_downwelling_shortwave_flux_assuming_clear_sky
3baa6d16-8ca2-11ef-944e-41a8eb05f654,surface_downwelling_shortwave_flux_in_air_assuming_clear_sky_and_no_aerosol,surface_downwelling_shortwave_flux_in_air_assuming_clean_clear_sky
3baa6d0e-8ca2-11ef-944e-41a8eb05f654,surface_downwelling_photon_flux_per_unit_wavelength_in_sea_water,surface_downwelling_spectral_photon_flux_in_sea_water
3baa6d0f-8ca2-11ef-944e-41a8eb05f654,surface_downwelling_photon_radiance_per_unit_wavelength_in_sea_water,surface_downwelling_spectral_photon_radiance_in_sea_water
3baa6d10-8ca2-11ef-944e-41a8eb05f654,surface_downwelling_photon_spherical_irradiance_per_unit_wavelength_in_sea_water,surface_downwelling_spectral_photon_spherical_irradiance_in_sea_water
3baa6d11-8ca2-11ef-944e-41a8eb05f654,surface_downwelling_radiance_per_unit_wavelength_in_sea_water,surface_downwelling_spectral_radiance_in_sea_water
3baa6d12-8ca2-11ef-944e-41a8eb05f654,surface_downwelling_radiative_flux_per_unit_wavelength_in_air,surface_downwelling_spectral_radiative_flux_in_air
3baa6d13-8ca2-11ef-944e-41a8eb05f654,surface_downwelling_radiative_flux_per_unit_wavelength_in_sea_water,surface_downwelling_spectral_radiative_flux_in_sea_water
3baa6d17-8ca2-11ef-944e-41a8eb05f654,surface_downwelling_spherical_irradiance_per_unit_wavelength_in_sea_water,surface_downwelling_spectral_spherical_irradiance_in_sea_water
3baa6c94-8ca2-11ef-944e-41a8eb05f654,surface_geostrophic_eastward_sea_water_velocity,surface_eastward_geostrophic_sea_water_velocity
3baa6c8d-8ca2-11ef-944e-41a8eb05f654,surface_geostrophic_eastward_sea_water_velocity_assuming_mean_sea_level_for_geoid,surface_eastward_geostrophic_sea_water_velocity_assuming_sea_level_for_geoid
3baa6c8c-8ca2-11ef-944e-41a8eb05f654,surface_geostrophic_eastward_sea_water_velocity_assuming_mean_sea_level_for_geoid,surface_geostrophic_eastward_sea_water_velocity_assuming_sea_level_for_geoid
3baa6c8e-8ca2-11ef-944e-41a8eb05f654,surface_geostrophic_northward_sea_water_velocity_assuming_mean_sea_level_for_geoid,surface_geostrophic_northward_sea_water_velocity_assuming_sea_level_for_geoid
3baa6c90-8ca2-11ef-944e-41a8eb05f654,surface_geostrophic_sea_water_x_velocity_assuming_mean_sea_level_for_geoid,surface_geostrophic_sea_water_x_velocity_assuming_sea_level_for_geoid
3baa6c91-8ca2-11ef-944e-41a8eb05f654,surface_geostrophic_sea_water_y_velocity_assuming_mean_sea_level_for_geoid,surface_geostrophic_sea_water_y_velocity_assuming_sea_level_for_geoid
3baa6cd2-8ca2-11ef-944e-41a8eb05f654,surface_litter_mass_content_of_carbon,surface_litter_carbon_content
3ba9a9fa-8ca2-11ef-944e-41a8eb05f654,surface_net_downward_radiative_flux,surface_net_downward_radiative_flux_where_land
3baa6c93-8ca2-11ef-944e-41a8eb05f654,surface_geostrophic_northward_sea_water_velocity,surface_northward_geostrophic_sea_water_velocity
3baa6c8f-8ca2-11ef-944e-41a8eb05f654,surface_geostrophic_northward_sea_water_velocity_assuming_mean_sea_level_for_geoid,surface_northward_geostrophic_sea_water_velocity_assuming_sea_level_for_geoid
3baa6d9d-8ca2-11ef-944e-41a8eb05f654,tendency_of_atmosphere_mass_content_of_water_vapor_due_to_sublimation_of_surface_snow_and_ice,surface_snow_and_ice_sublimation_flux
3baa6da1-8ca2-11ef-944e-41a8eb05f654,surface_snow_thickness,surface_snow_thickness_where_sea_ice
3baa6db5-8ca2-11ef-944e-41a8eb05f654,surface_temperature,surface_temperature_where_land
3baa6db6-8ca2-11ef-944e-41a8eb05f654,surface_temperature,surface_temperature_where_open_sea
3baa6db7-8ca2-11ef-944e-41a8eb05f654,surface_temperature,surface_temperature_where_snow
3baa6cd8-8ca2-11ef-944e-41a8eb05f654,surface_upward_mass_flux_of_carbon_dioxide_expressed_as_carbon_due_to_plant_respiration_for_biomass_growth,surface_upward_carbon_mass_flux_due_to_plant_respiration_for_biomass_growth
3baa6cd9-8ca2-11ef-944e-41a8eb05f654,surface_upward_mass_flux_of_carbon_dioxide_expressed_as_carbon_due_to_plant_respiration_for_biomass_maintenance,surface_upward_carbon_mass_flux_due_to_plant_respiration_for_biomass_maintenance
3ba9a9fb-8ca2-11ef-944e-41a8eb05f654,surface_upward_sensible_heat_flux,surface_upward_sensible_heat_flux_where_sea
3baa6cf3-8ca2-11ef-944e-41a8eb05f654,surface_upwelling_longwave_flux_in_air,surface_upwelling_longwave_flux
3baa6d00-8ca2-11ef-944e-41a8eb05f654,surface_upwelling_longwave_flux_in_air_assuming_clear_sky,surface_upwelling_longwave_flux_assuming_clear_sky
3baa6cfa-8ca2-11ef-944e-41a8eb05f654,surface_upwelling_shortwave_flux_in_air,surface_upwelling_shortwave_flux
3baa6d01-8ca2-11ef-944e-41a8eb05f654,surface_upwelling_shortwave_flux_in_air_assuming_clear_sky,surface_upwelling_shortwave_flux_assuming_clear_sky
3baa6cfb-8ca2-11ef-944e-41a8eb05f654,surface_upwelling_shortwave_flux_in_air_assuming_clear_sky_and_no_aerosol,surface_upwelling_shortwave_flux_in_air_assuming_clean_clear_sky
3baa6cf4-8ca2-11ef-944e-41a8eb05f654,surface_upwelling_radiance_per_unit_wavelength_in_air,surface_upwelling_spectral_radiance_in_air
3baa6cf5-8ca2-11ef-944e-41a8eb05f654,surface_upwelling_radiance_per_unit_wavelength_in_air_emerging_from_sea_water,surface_upwelling_spectral_radiance_in_air_emerging_from_sea_water
3baa6cf6-8ca2-11ef-944e-41a8eb05f654,surface_upwelling_radiance_per_unit_wavelength_in_air_reflected_by_sea_water,surface_upwelling_spectral_radiance_in_air_reflected_by_sea_water
3baa6cf7-8ca2-11ef-944e-41a8eb05f654,surface_upwelling_radiance_per_unit_wavelength_in_sea_water,surface_upwelling_spectral_radiance_in_sea_water
3baa6cf8-8ca2-11ef-944e-41a8eb05f654,surface_upwelling_radiative_flux_per_unit_wavelength_in_air,surface_upwelling_spectral_radiative_flux_in_air
3baa6cf9-8ca2-11ef-944e-41a8eb05f654,surface_upwelling_radiative_flux_per_unit_wavelength_in_sea_water,surface_upwelling_spectral_radiative_flux_in_sea_water
3ba9a9ed-8ca2-11ef-944e-41a8eb05f654,sea_surface_swell_wave_period,swell_wave_period
3baa6dc5-8ca2-11ef-944e-41a8eb05f654,tendency_of_air_temperature_due_to_stratiform_precipitation,tendency_of_air_temperature_due_to_large_scale_precipitation
3baa6c38-8ca2-11ef-944e-41a8eb05f654,tendency_of_atmosphere_mass_content_of_ammonium_dry_aerosol_particles_due_to_dry_deposition,tendency_of_atmosphere_mass_content_of_ammonium_dry_aerosol_due_to_dry_deposition
3baa6c39-8ca2-11ef-944e-41a8eb05f654,tendency_of_atmosphere_mass_content_of_ammonium_dry_aerosol_particles_due_to_wet_deposition,tendency_of_atmosphere_mass_content_of_ammonium_dry_aerosol_due_to_wet_deposition
3baa6ca4-8ca2-11ef-944e-41a8eb05f654,tendency_of_atmosphere_mass_content_of_elemental_carbon_dry_aerosol_particles_due_to_dry_deposition,tendency_of_atmosphere_mass_content_of_black_carbon_dry_aerosol_due_to_dry_deposition
3baa6ca5-8ca2-11ef-944e-41a8eb05f654,tendency_of_atmosphere_mass_content_of_elemental_carbon_dry_aerosol_particles_due_to_emission,tendency_of_atmosphere_mass_content_of_black_carbon_dry_aerosol_due_to_emission
3baa6d36-8ca2-11ef-944e-41a8eb05f654,tendency_of_atmosphere_mass_content_of_elemental_carbon_dry_aerosol_particles_due_to_emission_from_agricultural_waste_burning,tendency_of_atmosphere_mass_content_of_black_carbon_dry_aerosol_due_to_emission_from_agricultural_waste_burning
3baa6ca6-8ca2-11ef-944e-41a8eb05f654,tendency_of_atmosphere_mass_content_of_elemental_carbon_dry_aerosol_particles_due_to_emission_from_energy_production_and_distribution,tendency_of_atmosphere_mass_content_of_black_carbon_dry_aerosol_due_to_emission_from_energy_production_and_distribution
3baa6ca7-8ca2-11ef-944e-41a8eb05f654,tendency_of_atmosphere_mass_content_of_elemental_carbon_dry_aerosol_particles_due_to_emission_from_forest_fires,tendency_of_atmosphere_mass_content_of_black_carbon_dry_aerosol_due_to_emission_from_forest_fires
3baa6ca8-8ca2-11ef-944e-41a8eb05f654,tendency_of_atmosphere_mass_content_of_elemental_carbon_dry_aerosol_particles_due_to_emission_from_industrial_processes_and_combustion,tendency_of_atmosphere_mass_content_of_black_carbon_dry_aerosol_due_to_emission_from_industrial_processes_and_combustion
3baa6ca9-8ca2-11ef-944e-41a8eb05f654,tendency_of_atmosphere_mass_content_of_elemental_carbon_dry_aerosol_particles_due_to_emission_from_land_transport,tendency_of_atmosphere_mass_content_of_black_carbon_dry_aerosol_due_to_emission_from_land_transport
3baa6caa-8ca2-11ef-944e-41a8eb05f654,tendency_of_atmosphere_mass_content_of_elemental_carbon_dry_aerosol_particles_due_to_emission_from_maritime_transport,tendency_of_atmosphere_mass_content_of_black_carbon_dry_aerosol_due_to_emission_from_maritime_transport
3baa6cab-8ca2-11ef-944e-41a8eb05f654,tendency_of_atmosphere_mass_content_of_elemental_carbon_dry_aerosol_particles_due_to_emission_from_residential_and_commercial_combustion,tendency_of_atmosphere_mass_content_of_black_carbon_dry_aerosol_due_to_emission_from_residential_and_commercial_combustion
3baa6cac-8ca2-11ef-944e-41a8eb05f654,tendency_of_atmosphere_mass_content_of_elemental_carbon_dry_aerosol_particles_due_to_emission_from_savanna_and_grassland_fires,tendency_of_atmosphere_mass_content_of_black_carbon_dry_aerosol_due_to_emission_from_savanna_and_grassland_fires
3baa6cad-8ca2-11ef-944e-41a8eb05f654,tendency_of_atmosphere_mass_content_of_elemental_carbon_dry_aerosol_particles_due_to_emission_from_waste_treatment_and_disposal,tendency_of_atmosphere_mass_content_of_black_carbon_dry_aerosol_due_to_emission_from_waste_treatment_and_disposal
3baa6cae-8ca2-11ef-944e-41a8eb05f654,tendency_of_atmosphere_mass_content_of_elemental_carbon_dry_aerosol_particles_due_to_gravitational_settling,tendency_of_atmosphere_mass_content_of_black_carbon_dry_aerosol_due_to_gravitational_settling
3baa6caf-8ca2-11ef-944e-41a8eb05f654,tendency_of_atmosphere_mass_content_of_elemental_carbon_dry_aerosol_particles_due_to_turbulent_deposition,tendency_of_atmosphere_mass_content_of_black_carbon_dry_aerosol_due_to_turbulent_deposition
3baa6cb0-8ca2-11ef-944e-41a8eb05f654,tendency_of_atmosphere_mass_content_of_elemental_carbon_dry_aerosol_particles_due_to_wet_deposition,tendency_of_atmosphere_mass_content_of_black_carbon_dry_aerosol_due_to_wet_deposition
3baa6c3a-8ca2-11ef-944e-41a8eb05f654,tendency_of_atmosphere_mass_content_of_dust_dry_aerosol_particles_due_to_dry_deposition,tendency_of_atmosphere_mass_content_of_dust_dry_aerosol_due_to_dry_deposition
3baa6c4f-8ca2-11ef-944e-41a8eb05f654,tendency_of_atmosphere_mass_content_of_dust_dry_aerosol_particles_due_to_emission,tendency_of_atmosphere_mass_content_of_dust_dry_aerosol_due_to_emission
3baa6c3b-8ca2-11ef-944e-41a8eb05f654,tendency_of_atmosphere_mass_content_of_dust_dry_aerosol_particles_due_to_gravitational_settling,tendency_of_atmosphere_mass_content_of_dust_dry_aerosol_due_to_gravitational_settling
3baa6c3c-8ca2-11ef-944e-41a8eb05f654,tendency_of_atmosphere_mass_content_of_dust_dry_aerosol_particles_due_to_turbulent_deposition,tendency_of_atmosphere_mass_content_of_dust_dry_aerosol_due_to_turbulent_deposition
3baa6c3d-8ca2-11ef-944e-41a8eb05f654,tendency_of_atmosphere_mass_content_of_dust_dry_aerosol_particles_due_to_wet_deposition,tendency_of_atmosphere_mass_content_of_dust_dry_aerosol_due_to_wet_deposition
3baa6c3e-8ca2-11ef-944e-41a8eb05f654,tendency_of_atmosphere_mass_content_of_mercury_dry_aerosol_particles_due_to_dry_deposition,tendency_of_atmosphere_mass_content_of_mercury_dry_aerosol_due_to_dry_deposition
3baa6d43-8ca2-11ef-944e-41a8eb05f654,tendency_of_atmosphere_mass_content_of_mercury_dry_aerosol_particles_due_to_emission,tendency_of_atmosphere_mass_content_of_mercury_dry_aerosol_due_to_emission
3baa6c3f-8ca2-11ef-944e-41a8eb05f654,tendency_of_atmosphere_mass_content_of_mercury_dry_aerosol_particles_due_to_wet_deposition,tendency_of_atmosphere_mass_content_of_mercury_dry_aerosol_due_to_wet_deposition
3baa6c40-8ca2-11ef-944e-41a8eb05f654,tendency_of_atmosphere_mass_content_of_nitrate_dry_aerosol_particles_due_to_dry_deposition,tendency_of_atmosphere_mass_content_of_nitrate_dry_aerosol_due_to_dry_deposition
3baa6c96-8ca2-11ef-944e-41a8eb05f654,tendency_of_atmosphere_mass_content_of_nitrogen_compounds_expressed_as_nitrogen_due_to_deposition,tendency_of_atmosphere_mass_content_of_nitrogen_due_to_deposition
3baa6c95-8ca2-11ef-944e-41a8eb05f654,tendency_of_atmosphere_mass_content_of_nitrogen_compounds_expressed_as_nitrogen_due_to_dry_deposition,tendency_of_atmosphere_mass_content_of_nitrogen_due_to_dry_deposition
3baa6d33-8ca2-11ef-944e-41a8eb05f654,tendency_of_atmosphere_mass_content_of_nitrogen_compounds_expressed_as_nitrogen_due_to_wet_deposition,tendency_of_atmosphere_mass_content_of_nitrogen_due_to_wet_deposition
3ba9aa53-8ca2-11ef-944e-41a8eb05f654,tendency_of_atmosphere_mass_content_of_particulate_organic_matter_dry_aerosol_particles_due_to_dry_deposition,tendency_of_atmosphere_mass_content_of_particulate_organic_matter_dry_aerosol_due_to_dry_deposition
3ba9aa54-8ca2-11ef-944e-41a8eb05f654,tendency_of_atmosphere_mass_content_of_particulate_organic_matter_dry_aerosol_particles_due_to_gravitational_settling,tendency_of_atmosphere_mass_content_of_particulate_organic_matter_dry_aerosol_due_to_gravitational_settling
3baa6c58-8ca2-11ef-944e-41a8eb05f654,tendency_of_atmosphere_mass_content_of_particulate_organic_matter_dry_aerosol_particles_due_to_net_chemical_production_and_emission,tendency_of_atmosphere_mass_content_of_particulate_organic_matter_dry_aerosol_due_to_net_chemical_production_and_emission
3baa6c59-8ca2-11ef-944e-41a8eb05f654,tendency_of_atmosphere_mass_content_of_particulate_organic_matter_dry_aerosol_particles_due_to_net_chemical_production_and_emission,tendency_of_atmosphere_mass_content_of_particulate_organic_matter_dry_aerosol_due_to_net_production_and_emission
3ba9aa55-8ca2-11ef-944e-41a8eb05f654,tendency_of_atmosphere_mass_content_of_particulate_organic_matter_dry_aerosol_particles_due_to_turbulent_deposition,tendency_of_atmosphere_mass_content_of_particulate_organic_matter_dry_aerosol_due_to_turbulent_deposition
3ba9aa56-8ca2-11ef-944e-41a8eb05f654,tendency_of_atmosphere_mass_content_of_particulate_organic_matter_dry_aerosol_particles_due_to_wet_deposition,tendency_of_atmosphere_mass_content_of_particulate_organic_matter_dry_aerosol_due_to_wet_deposition
3baa6c55-8ca2-11ef-944e-41a8eb05f654,tendency_of_atmosphere_mass_content_of_particulate_organic_matter_dry_aerosol_particles_expressed_as_carbon_due_to_emission_from_agricultural_waste_burning,tendency_of_atmosphere_mass_content_of_particulate_organic_matter_dry_aerosol_expressed_as_carbon_due_to_emission_from_agricultural_waste_burning
3baa6c56-8ca2-11ef-944e-41a8eb05f654,tendency_of_atmosphere_mass_content_of_particulate_organic_matter_dry_aerosol_particles_expressed_as_carbon_due_to_emission_from_energy_production_and_distribution,tendency_of_atmosphere_mass_content_of_particulate_organic_matter_dry_aerosol_expressed_as_carbon_due_to_emission_from_energy_production_and_distribution
3baa6c5a-8ca2-11ef-944e-41a8eb05f654,tendency_of_atmosphere_mass_content_of_particulate_organic_matter_dry_aerosol_particles_expressed_as_carbon_due_to_emission_from_forest_fires,tendency_of_atmosphere_mass_content_of_particulate_organic_matter_dry_aerosol_expressed_as_carbon_due_to_emission_from_forest_fires
3baa6c5b-8ca2-11ef-944e-41a8eb05f654,tendency_of_atmosphere_mass_content_of_particulate_organic_matter_dry_aerosol_particles_expressed_as_carbon_due_to_emission_from_industrial_processes_and_combustion,tendency_of_atmosphere_mass_content_of_particulate_organic_matter_dry_aerosol_expressed_as_carbon_due_to_emission_from_industrial_processes_and_combustion
3baa6c54-8ca2-11ef-944e-41a8eb05f654,tendency_of_atmosphere_mass_content_of_particulate_organic_matter_dry_aerosol_particles_expressed_as_carbon_due_to_emission_from_land_transport,tendency_of_atmosphere_mass_content_of_particulate_organic_matter_dry_aerosol_expressed_as_carbon_due_to_emission_from_land_transport
3baa6c57-8ca2-11ef-944e-41a8eb05f654,tendency_of_atmosphere_mass_content_of_particulate_organic_matter_dry_aerosol_particles_expressed_as_carbon_due_to_emission_from_maritime_transport,tendency_of_atmosphere_mass_content_of_particulate_organic_matter_dry_aerosol_expressed_as_carbon_due_to_emission_from_maritime_transport
3baa6c50-8ca2-11ef-944e-41a8eb05f654,tendency_of_atmosphere_mass_content_of_particulate_organic_matter_dry_aerosol_particles_expressed_as_carbon_due_to_emission_from_residential_and_commercial_combustion,tendency_of_atmosphere_mass_content_of_particulate_organic_matter_dry_aerosol_expressed_as_carbon_due_to_emission_from_residential_and_commercial_combustion
3baa6c52-8ca2-11ef-944e-41a8eb05f654,tendency_of_atmosphere_mass_content_of_particulate_organic_matter_dry_aerosol_particles_expressed_as_carbon_due_to_emission_from_savanna_and_grassland_fires,tendency_of_atmosphere_mass_content_of_particulate_organic_matter_dry_aerosol_expressed_as_carbon_due_to_emission_from_savanna_and_grassland_fires
3baa6c51-8ca2-11ef-944e-41a8eb05f654,tendency_of_atmosphere_mass_content_of_particulate_organic_matter_dry_aerosol_particles_expressed_as_carbon_due_to_emission_from_waste_treatment_and_disposal,tendency_of_atmosphere_mass_content_of_particulate_organic_matter_dry_aerosol_expressed_as_carbon_due_to_emission_from_waste_treatment_and_disposal
3baa6c87-8ca2-11ef-944e-41a8eb05f654,tendency_of_atmosphere_mass_content_of_pm2p5_sea_salt_dry_aerosol_particles_due_to_dry_deposition,tendency_of_atmosphere_mass_content_of_pm2p5_seasalt_dry_aerosol_particles_due_to_dry_deposition
3baa6c88-8ca2-11ef-944e-41a8eb05f654,tendency_of_atmosphere_mass_content_of_pm2p5_sea_salt_dry_aerosol_particles_due_to_emission,tendency_of_atmosphere_mass_content_of_pm2p5_seasalt_dry_aerosol_particles_due_to_emission
3baa6c72-8ca2-11ef-944e-41a8eb05f654,tendency_of_atmosphere_mass_content_of_pm2p5_sea_salt_dry_aerosol_particles_due_to_wet_deposition,tendency_of_atmosphere_mass_content_of_pm2p5_seasalt_dry_aerosol_particles_due_to_wet_deposition
3baa6c6f-8ca2-11ef-944e-41a8eb05f654,tendency_of_atmosphere_mass_content_of_pm10_sea_salt_dry_aerosol_particles_due_to_dry_deposition,tendency_of_atmosphere_mass_content_of_pm10_seasalt_dry_aerosol_particles_due_to_dry_deposition
3baa6c70-8ca2-11ef-944e-41a8eb05f654,tendency_of_atmosphere_mass_content_of_pm10_sea_salt_dry_aerosol_particles_due_to_emission,tendency_of_atmosphere_mass_content_of_pm10_seasalt_dry_aerosol_particles_due_to_emission
3baa6c71-8ca2-11ef-944e-41a8eb05f654,tendency_of_atmosphere_mass_content_of_pm10_sea_salt_dry_aerosol_particles_due_to_wet_deposition,tendency_of_atmosphere_mass_content_of_pm10_seasalt_dry_aerosol_particles_due_to_wet_deposition
3ba9aa57-8ca2-11ef-944e-41a8eb05f654,tendency_of_atmosphere_mass_content_of_primary_particulate_organic_matter_dry_aerosol_particles_due_to_dry_deposition,tendency_of_atmosphere_mass_content_of_primary_particulate_organic_matter_dry_aerosol_due_to_dry_deposition
3baa6c53-8ca2-11ef-944e-41a8eb05f654,tendency_of_atmosphere_mass_content_of_primary_particulate_organic_matter_dry_aerosol_particles_due_to_emission,tendency_of_atmosphere_mass_content_of_primary_particulate_organic_matter_dry_aerosol_due_to_emission
3ba9aa58-8ca2-11ef-944e-41a8eb05f654,tendency_of_atmosphere_mass_content_of_primary_particulate_organic_matter_dry_aerosol_particles_due_to_wet_deposition,tendency_of_atmosphere_mass_content_of_primary_particulate_organic_matter_dry_aerosol_due_to_wet_deposition
3baa6c74-8ca2-11ef-944e-41a8eb05f654,tendency_of_atmosphere_mass_content_of_sea_salt_dry_aerosol_particles_due_to_dry_deposition,tendency_of_atmosphere_mass_content_of_seasalt_dry_aerosol_due_to_dry_deposition
3baa6c9a-8ca2-11ef-944e-41a8eb05f654,tendency_of_atmosphere_mass_content_of_sea_salt_dry_aerosol_particles_due_to_emission,tendency_of_atmosphere_mass_content_of_seasalt_dry_aerosol_due_to_emission
3baa6c76-8ca2-11ef-944e-41a8eb05f654,tendency_of_atmosphere_mass_content_of_sea_salt_dry_aerosol_particles_due_to_gravitational_settling,tendency_of_atmosphere_mass_content_of_seasalt_dry_aerosol_due_to_gravitational_settling
3baa6c78-8ca2-11ef-944e-41a8eb05f654,tendency_of_atmosphere_mass_content_of_sea_salt_dry_aerosol_particles_due_to_turbulent_deposition,tendency_of_atmosphere_mass_content_of_seasalt_dry_aerosol_due_to_turbulent_deposition
3baa6c7a-8ca2-11ef-944e-41a8eb05f654,tendency_of_atmosphere_mass_content_of_sea_salt_dry_aerosol_particles_due_to_wet_deposition,tendency_of_atmosphere_mass_content_of_seasalt_dry_aerosol_due_to_wet_deposition
3baa6c73-8ca2-11ef-944e-41a8eb05f654,tendency_of_atmosphere_mass_content_of_sea_salt_dry_aerosol_particles_due_to_dry_deposition,tendency_of_atmosphere_mass_content_of_seasalt_dry_aerosol_particles_due_to_dry_deposition
3baa6c99-8ca2-11ef-944e-41a8eb05f654,tendency_of_atmosphere_mass_content_of_sea_salt_dry_aerosol_particles_due_to_emission,tendency_of_atmosphere_mass_content_of_seasalt_dry_aerosol_particles_due_to_emission
3baa6c75-8ca2-11ef-944e-41a8eb05f654,tendency_of_atmosphere_mass_content_of_sea_salt_dry_aerosol_particles_due_to_gravitational_settling,tendency_of_atmosphere_mass_content_of_seasalt_dry_aerosol_particles_due_to_gravitational_settling
3baa6c77-8ca2-11ef-944e-41a8eb05f654,tendency_of_atmosphere_mass_content_of_sea_salt_dry_aerosol_particles_due_to_turbulent_deposition,tendency_of_atmosphere_mass_content_of_seasalt_dry_aerosol_particles_due_to_turbulent_deposition
3baa6c79-8ca2-11ef-944e-41a8eb05f654,tendency_of_atmosphere_mass_content_of_sea_salt_dry_aerosol_particles_due_to_wet_deposition,tendency_of_atmosphere_mass_content_of_seasalt_dry_aerosol_particles_due_to_wet_deposition
3baa6c41-8ca2-11ef-944e-41a8eb05f654,tendency_of_atmosphere_mass_content_of_secondary_particulate_organic_matter_dry_aerosol_particles_due_to_dry_deposition,tendency_of_atmosphere_mass_content_of_secondary_particulate_organic_matter_dry_aerosol_due_to_dry_deposition
3baa6c42-8ca2-11ef-944e-41a8eb05f654,tendency_of_atmosphere_mass_content_of_secondary_particulate_organic_matter_dry_aerosol_particles_due_to_net_chemical_production,tendency_of_atmosphere_mass_content_of_secondary_particulate_organic_matter_dry_aerosol_due_to_net_chemical_production
3baa6c43-8ca2-11ef-944e-41a8eb05f654,tendency_of_atmosphere_mass_content_of_secondary_particulate_organic_matter_dry_aerosol_particles_due_to_net_chemical_production,tendency_of_atmosphere_mass_content_of_secondary_particulate_organic_matter_dry_aerosol_due_to_net_production
3baa6c44-8ca2-11ef-944e-41a8eb05f654,tendency_of_atmosphere_mass_content_of_secondary_particulate_organic_matter_dry_aerosol_particles_due_to_wet_deposition,tendency_of_atmosphere_mass_content_of_secondary_particulate_organic_matter_dry_aerosol_due_to_wet_deposition
3baa6c45-8ca2-11ef-944e-41a8eb05f654,tendency_of_atmosphere_mass_content_of_sulfate_dry_aerosol_particles_due_to_dry_deposition,tendency_of_atmosphere_mass_content_of_sulfate_dry_aerosol_due_to_dry_deposition
3baa6c4e-8ca2-11ef-944e-41a8eb05f654,tendency_of_atmosphere_mass_content_of_sulfate_dry_aerosol_particles_due_to_emission,tendency_of_atmosphere_mass_content_of_sulfate_dry_aerosol_due_to_emission
3baa6c46-8ca2-11ef-944e-41a8eb05f654,tendency_of_atmosphere_mass_content_of_sulfate_dry_aerosol_particles_expressed_as_sulfur_due_to_dry_deposition,tendency_of_atmosphere_mass_content_of_sulfate_dry_aerosol_expressed_as_sulfur_due_to_dry_deposition
3baa6c48-8ca2-11ef-944e-41a8eb05f654,tendency_of_atmosphere_mass_content_of_sulfate_dry_aerosol_particles_expressed_as_sulfur_due_to_gravitational_settling,tendency_of_atmosphere_mass_content_of_sulfate_dry_aerosol_expressed_as_sulfur_due_to_gravitational_settling
3baa6c4a-8ca2-11ef-944e-41a8eb05f654,tendency_of_atmosphere_mass_content_of_sulfate_dry_aerosol_particles_expressed_as_sulfur_due_to_turbulent_deposition,tendency_of_atmosphere_mass_content_of_sulfate_dry_aerosol_expressed_as_sulfur_due_to_turbulent_deposition
3baa6d40-8ca2-11ef-944e-41a8eb05f654,tendency_of_atmosphere_mass_content_of_sulfate_dry_aerosol_particles_expressed_as_sulfur_due_to_wet_deposition,tendency_of_atmosphere_mass_content_of_sulfate_dry_aerosol_expressed_as_sulfur_due_to_wet_deposition
3baa6c47-8ca2-11ef-944e-41a8eb05f654,tendency_of_atmosphere_mass_content_of_sulfate_dry_aerosol_particles_expressed_as_sulfur_due_to_dry_deposition,tendency_of_atmosphere_mass_content_of_sulfate_expressed_as_sulfur_dry_aerosol_due_to_dry_deposition
3baa6c49-8ca2-11ef-944e-41a8eb05f654,tendency_of_atmosphere_mass_content_of_sulfate_dry_aerosol_particles_expressed_as_sulfur_due_to_gravitational_settling,tendency_of_atmosphere_mass_content_of_sulfate_expressed_as_sulfur_dry_aerosol_due_to_gravitational_settling
3baa6c4b-8ca2-11ef-944e-41a8eb05f654,tendency_of_atmosphere_mass_content_of_sulfate_dry_aerosol_particles_expressed_as_sulfur_due_to_turbulent_deposition,tendency_of_atmosphere_mass_content_of_sulfate_expressed_as_sulfur_dry_aerosol_due_to_turbulent_deposition
3baa6d41-8ca2-11ef-944e-41a8eb05f654,tendency_of_atmosphere_mass_content_of_sulfate_dry_aerosol_particles_expressed_as_sulfur_due_to_wet_deposition,tendency_of_atmosphere_mass_content_of_sulfate_expressed_as_sulfur_dry_aerosol_due_to_wet_deposition
3baa6c4c-8ca2-11ef-944e-41a8eb05f654,tendency_of_atmosphere_moles_of_nitric_acid_trihydrate_ambient_aerosol_particles,tendency_of_atmosphere_moles_of_nitric_acid_trihydrate_ambient_aerosol
3baa6c4d-8ca2-11ef-944e-41a8eb05f654,tendency_of_atmosphere_moles_of_sulfate_dry_aerosol_particles,tendency_of_atmosphere_moles_of_sulfate_dry_aerosol
3baa6d54-8ca2-11ef-944e-41a8eb05f654,tendency_of_atmosphere_number_content_of_aerosol_particles_due_to_turbulent_deposition,tendency_of_atmosphere_number_content_of_aerosol_particles_due_to_turbulent_depostion
3baa6d29-8ca2-11ef-944e-41a8eb05f654,tendency_of_atmosphere_mole_concentration_of_carbon_monoxide_due_to_chemical_destruction,tendency_of_atmosphere_of_mole_concentration_of_carbon_monoxide_due_to_chemical_destruction
3ba9aa30-8ca2-11ef-944e-41a8eb05f654,tendency_of_atmosphere_mass_content_of_water_due_to_advection,tendency_of_atmosphere_water_content_due_to_advection
3ba9aa31-8ca2-11ef-944e-41a8eb05f654,tendency_of_atmosphere_mass_content_of_water_vapor,tendency_of_atmosphere_water_vapor_content
3ba9aa40-8ca2-11ef-944e-41a8eb05f654,tendency_of_atmosphere_mass_content_of_water_vapor_due_to_advection,tendency_of_atmosphere_water_vapor_content_due_to_advection
3ba9aa32-8ca2-11ef-944e-41a8eb05f654,tendency_of_atmosphere_mass_content_of_water_vapor_due_to_convection,tendency_of_atmosphere_water_vapor_content_due_to_convection
3ba9aa33-8ca2-11ef-944e-41a8eb05f654,tendency_of_atmosphere_mass_content_of_water_vapor_due_to_deep_convection,tendency_of_atmosphere_water_vapor_content_due_to_deep_convection
3ba9aa34-8ca2-11ef-944e-41a8eb05f654,tendency_of_atmosphere_mass_content_of_water_vapor_due_to_shallow_convection,tendency_of_atmosphere_water_vapor_content_due_to_shallow_convection
3ba9aa35-8ca2-11ef-944e-41a8eb05f654,tendency_of_atmosphere_mass_content_of_water_vapor_due_to_turbulence,tendency_of_atmosphere_water_vapor_content_due_to_turbulence
3baa6cb1-8ca2-11ef-944e-41a8eb05f654,tendency_of_mass_concentration_of_elemental_carbon_dry_aerosol_particles_in_air_due_to_emission_from_aviation,tendency_of_mass_concentration_of_black_carbon_dry_aerosol_in_air_due_to_emission_from_aviation
3baa6d8a-8ca2-11ef-944e-41a8eb05f654,tendency_of_mass_fraction_of_stratiform_cloud_ice_in_air_due_to_heterogeneous_nucleation_from_cloud_liquid_water,tendency_of_mass_fraction_of_stratiform_cloud_ice_in_air_due_to_heterogeneous_nucleation_from_cloud_liquid
3baa6d8b-8ca2-11ef-944e-41a8eb05f654,tendency_of_mass_fraction_of_stratiform_cloud_ice_in_air_due_to_melting_to_cloud_liquid_water,tendency_of_mass_fraction_of_stratiform_cloud_ice_in_air_due_to_melting_to_cloud_liquid
3baa6d89-8ca2-11ef-944e-41a8eb05f654,tendency_of_mass_fraction_of_stratiform_cloud_ice_in_air_due_to_riming_from_cloud_liquid_water,tendency_of_mass_fraction_of_stratiform_cloud_ice_in_air_due_to_riming_from_cloud_liquid
3baa6d2a-8ca2-11ef-944e-41a8eb05f654,tendency_of_mole_concentration_of_dissolved_inorganic_phosphorus_in_sea_water_due_to_biological_processes,tendency_of_mole_concentration_of_dissolved_inorganic_phosphate_in_sea_water_due_to_biological_processes
3baa6d2b-8ca2-11ef-944e-41a8eb05f654,tendency_of_mole_concentration_of_dissolved_inorganic_silicon_in_sea_water_due_to_biological_processes,tendency_of_mole_concentration_of_dissolved_inorganic_silicate_in_sea_water_due_to_biological_processes
3baa6d93-8ca2-11ef-944e-41a8eb05f654,tendency_of_mole_concentration_of_particulate_organic_matter_expressed_as_carbon_in_sea_water_due_to_net_primary_production_by_diazotrophic_phytoplankton,tendency_of_mole_concentration_of_particulate_organic_matter_expressed_as_carbon_in_sea_water_due_to_net_primary_production_by_diazotrophs
3baa6d34-8ca2-11ef-944e-41a8eb05f654,tendency_of_atmosphere_moles_of_carbon_monoxide,tendency_of_moles_of_carbon_monoxide_in_atmosphere
3ba9aa0b-8ca2-11ef-944e-41a8eb05f654,tendency_of_middle_atmosphere_moles_of_carbon_monoxide,tendency_of_moles_of_carbon_monoxide_in_middle_atmosphere
3ba9aa10-8ca2-11ef-944e-41a8eb05f654,tendency_of_troposphere_moles_of_carbon_monoxide,tendency_of_moles_of_carbon_monoxide_in_troposphere
3baa6d35-8ca2-11ef-944e-41a8eb05f654,tendency_of_atmosphere_moles_of_carbon_tetrachloride,tendency_of_moles_of_carbon_tetrachloride_in_atmosphere
3baa6d6e-8ca2-11ef-944e-41a8eb05f654,tendency_of_atmosphere_moles_of_cfc11,tendency_of_moles_of_cfc11_in_atmosphere
3baa6d65-8ca2-11ef-944e-41a8eb05f654,tendency_of_atmosphere_moles_of_cfc12,tendency_of_moles_of_cfc12_in_atmosphere
3baa6d6b-8ca2-11ef-944e-41a8eb05f654,tendency_of_atmosphere_moles_of_cfc113,tendency_of_moles_of_cfc113_in_atmosphere
3baa6d69-8ca2-11ef-944e-41a8eb05f654,tendency_of_atmosphere_moles_of_cfc114,tendency_of_moles_of_cfc114_in_atmosphere
3baa6d67-8ca2-11ef-944e-41a8eb05f654,tendency_of_atmosphere_moles_of_cfc115,tendency_of_moles_of_cfc115_in_atmosphere
3baa6d63-8ca2-11ef-944e-41a8eb05f654,tendency_of_atmosphere_moles_of_halon1202,tendency_of_moles_of_halon1202_in_atmosphere
3baa6d61-8ca2-11ef-944e-41a8eb05f654,tendency_of_atmosphere_moles_of_halon1211,tendency_of_moles_of_halon1211_in_atmosphere
3baa6d5f-8ca2-11ef-944e-41a8eb05f654,tendency_of_atmosphere_moles_of_halon1301,tendency_of_moles_of_halon1301_in_atmosphere
3baa6d5d-8ca2-11ef-944e-41a8eb05f654,tendency_of_atmosphere_moles_of_halon2402,tendency_of_moles_of_halon2402_in_atmosphere
3baa6d5b-8ca2-11ef-944e-41a8eb05f654,tendency_of_atmosphere_moles_of_hcc140a,tendency_of_moles_of_hcc140a_in_atmosphere
3baa6d58-8ca2-11ef-944e-41a8eb05f654,tendency_of_middle_atmosphere_moles_of_hcc140a,tendency_of_moles_of_hcc140a_in_middle_atmosphere
3baa6d59-8ca2-11ef-944e-41a8eb05f654,tendency_of_troposphere_moles_of_hcc140a,tendency_of_moles_of_hcc140a_in_troposphere
3baa6d56-8ca2-11ef-944e-41a8eb05f654,tendency_of_atmosphere_moles_of_hcfc22,tendency_of_moles_of_hcfc22_in_atmosphere
3baa6d57-8ca2-11ef-944e-41a8eb05f654,tendency_of_troposphere_moles_of_hcfc22,tendency_of_moles_of_hcfc22_in_troposphere
3baa6d3a-8ca2-11ef-944e-41a8eb05f654,tendency_of_atmosphere_moles_of_methane,tendency_of_moles_of_methane_in_atmosphere
3ba9aa0c-8ca2-11ef-944e-41a8eb05f654,tendency_of_middle_atmosphere_moles_of_methane,tendency_of_moles_of_methane_in_middle_atmosphere
3ba9aa11-8ca2-11ef-944e-41a8eb05f654,tendency_of_troposphere_moles_of_methane,tendency_of_moles_of_methane_in_troposphere
3ba9aa07-8ca2-11ef-944e-41a8eb05f654,tendency_of_atmosphere_moles_of_methyl_bromide,tendency_of_moles_of_methyl_bromide_in_atmosphere
3ba9aa0d-8ca2-11ef-944e-41a8eb05f654,tendency_of_middle_atmosphere_moles_of_methyl_bromide,tendency_of_moles_of_methyl_bromide_in_middle_atmosphere
3ba9aa12-8ca2-11ef-944e-41a8eb05f654,tendency_of_troposphere_moles_of_methyl_bromide,tendency_of_moles_of_methyl_bromide_in_troposphere
3ba9aa08-8ca2-11ef-944e-41a8eb05f654,tendency_of_atmosphere_moles_of_methyl_chloride,tendency_of_moles_of_methyl_chloride_in_atmosphere
3ba9aa0e-8ca2-11ef-944e-41a8eb05f654,tendency_of_middle_atmosphere_moles_of_methyl_chloride,tendency_of_moles_of_methyl_chloride_in_middle_atmosphere
3ba9aa13-8ca2-11ef-944e-41a8eb05f654,tendency_of_troposphere_moles_of_methyl_chloride,tendency_of_moles_of_methyl_chloride_in_troposphere
3ba9aa09-8ca2-11ef-944e-41a8eb05f654,tendency_of_atmosphere_moles_of_molecular_hydrogen,tendency_of_moles_of_molecular_hydrogen_in_atmosphere
3ba9aa0f-8ca2-11ef-944e-41a8eb05f654,tendency_of_middle_atmosphere_moles_of_molecular_hydrogen,tendency_of_moles_of_molecular_hydrogen_in_middle_atmosphere
3ba9aa14-8ca2-11ef-944e-41a8eb05f654,tendency_of_troposphere_moles_of_molecular_hydrogen,tendency_of_moles_of_molecular_hydrogen_in_troposphere
3ba9aa0a-8ca2-11ef-944e-41a8eb05f654,tendency_of_atmosphere_moles_of_nitrous_oxide,tendency_of_moles_of_nitrous_oxide_in_atmosphere
3baa6cc8-8ca2-11ef-944e-41a8eb05f654,tendency_of_ocean_eddy_kinetic_energy_content_due_to_parameterized_eddy_advection,tendency_of_ocean_eddy_kinetic_energy_content_due_to_bolus_transport
3baa6d19-8ca2-11ef-944e-41a8eb05f654,tendency_of_sea_ice_amount_due_to_conversion_of_snow_to_sea_ice,tendency_of_sea_ice_amount_due_to_snow_conversion
3baa6c92-8ca2-11ef-944e-41a8eb05f654,tendency_of_sea_surface_height_above_mean_sea_level,tendency_of_sea_surface_height_above_sea_level
3baa6d70-8ca2-11ef-944e-41a8eb05f654,tendency_of_sea_water_conservative_temperature_expressed_as_heat_content_due_to_parameterized_dianeutral_mixing,tendency_of_sea_water_conservative_temperature_expressed_as_heat_content_due_to_parameterized_eddy_dianeutral_mixing
3baa6d71-8ca2-11ef-944e-41a8eb05f654,tendency_of_sea_water_potential_temperature_expressed_as_heat_content_due_to_parameterized_dianeutral_mixing,tendency_of_sea_water_potential_temperature_expressed_as_heat_content_due_to_parameterized_eddy_dianeutral_mixing
3baa6cc0-8ca2-11ef-944e-41a8eb05f654,tendency_of_sea_water_salinity_due_to_parameterized_eddy_advection,tendency_of_sea_water_salinity_due_to_bolus_advection
3baa6d72-8ca2-11ef-944e-41a8eb05f654,tendency_of_sea_water_salinity_expressed_as_salt_content_due_to_parameterized_dianeutral_mixing,tendency_of_sea_water_salinity_expressed_as_salt_content_due_to_parameterized_eddy_dianeutral_mixing
3baa6dc6-8ca2-11ef-944e-41a8eb05f654,tendency_of_sea_water_temperature_due_to_parameterized_eddy_advection,tendency_of_sea_water_temperature_due_to_bolus_advection
3baa6d22-8ca2-11ef-944e-41a8eb05f654,tendency_of_specific_humidity_due_to_stratiform_precipitation,tendency_of_specific_humidity_due_to_large_scale_precipitation
3ba9aa36-8ca2-11ef-944e-41a8eb05f654,tendency_of_mass_content_of_water_vapor_in_atmosphere_layer,tendency_of_water_vapor_content_of_atmosphere_layer
3ba9aa37-8ca2-11ef-944e-41a8eb05f654,tendency_of_mass_content_of_water_vapor_in_atmosphere_layer_due_to_convection,tendency_of_water_vapor_content_of_atmosphere_layer_due_to_convection
3ba9aa38-8ca2-11ef-944e-41a8eb05f654,tendency_of_mass_content_of_water_vapor_in_atmosphere_layer_due_to_deep_convection,tendency_of_water_vapor_content_of_atmosphere_layer_due_to_deep_convection
3ba9aa39-8ca2-11ef-944e-41a8eb05f654,tendency_of_mass_content_of_water_vapor_in_atmosphere_layer_due_to_shallow_convection,tendency_of_water_vapor_content_of_atmosphere_layer_due_to_shallow_convection
3ba9aa3a-8ca2-11ef-944e-41a8eb05f654,tendency_of_mass_content_of_water_vapor_in_atmosphere_layer_due_to_turbulence,tendency_of_water_vapor_content_of_atmosphere_layer_due_to_turbulence
3ba9aa20-8ca2-11ef-944e-41a8eb05f654,thickness_of_stratiform_rainfall_amount,thickness_of_large_scale_rainfall_amount
3ba9aa21-8ca2-11ef-944e-41a8eb05f654,thickness_of_stratiform_snowfall_amount,thickness_of_large_scale_snowfall_amount
3baa6ce9-8ca2-11ef-944e-41a8eb05f654,toa_outgoing_shortwave_flux_assuming_clear_sky_and_no_aerosol,toa_outgoing_shortwave_flux_assuming_clean_clear_sky
3baa6dc0-8ca2-11ef-944e-41a8eb05f654,universal_thermal_comfort_index,universal_thermal_climate_index
3baa6d52-8ca2-11ef-944e-41a8eb05f654,lagrangian_tendency_of_atmosphere_sigma_coordinate,upward_air_velocity_expressed_as_tendency_of_sigma
3ba9a9f4-8ca2-11ef-944e-41a8eb05f654,upward_eliassen_palm_flux_in_air,upward_eliassen_palm_flux
3ba9a9f5-8ca2-11ef-944e-41a8eb05f654,upward_eastward_momentum_flux_in_air_due_to_nonorographic_eastward_gravity_waves,upward_flux_of_eastward_momentum_due_to_nonorographic_eastward_gravity_waves
3ba9a9f6-8ca2-11ef-944e-41a8eb05f654,upward_eastward_momentum_flux_in_air_due_to_nonorographic_westward_gravity_waves,upward_flux_of_eastward_momentum_due_to_nonorographic_westward_gravity_waves
3ba9a9f7-8ca2-11ef-944e-41a8eb05f654,upward_eastward_momentum_flux_in_air_due_to_orographic_gravity_waves,upward_flux_of_eastward_momentum_due_to_orographic_gravity_waves
3ba9a8fd-8ca2-11ef-944e-41a8eb05f654,upward_heat_flux_at_base_of_grounded_ice_sheet,upward_geothermal_heat_flux_at_ground_level_in_land_ice
3baa6cff-8ca2-11ef-944e-41a8eb05f654,upwelling_shortwave_flux_in_air_assuming_clear_sky_and_no_aerosol,upwelling_shortwave_flux_in_air_assuming_clean_clear_sky
3baa6cfc-8ca2-11ef-944e-41a8eb05f654,upwelling_radiance_per_unit_wavelength_in_air,upwelling_spectral_radiance_in_air
3baa6cfd-8ca2-11ef-944e-41a8eb05f654,upwelling_radiative_flux_per_unit_wavelength_in_air,upwelling_spectral_radiative_flux_in_air
3baa6cfe-8ca2-11ef-944e-41a8eb05f654,upwelling_radiative_flux_per_unit_wavelength_in_sea_water,upwelling_spectral_radiative_flux_in_sea_water
3baa6ca0-8ca2-11ef-944e-41a8eb05f654,lagrangian_tendency_of_air_pressure,vertical_air_velocity_expressed_as_tendency_of_pressure
3baa6d53-8ca2-11ef-944e-41a8eb05f654,lagrangian_tendency_of_atmosphere_sigma_coordinate,vertical_air_velocity_expressed_as_tendency_of_sigma
3baa6da6-8ca2-11ef-944e-41a8eb05f654,drainage_amount_through_base_of_soil_model,vertical_drainage_amount_in_soil
3baa6db0-8ca2-11ef-944e-41a8eb05f654,volume_absorption_coefficient_of_radiative_flux_in_air_due_to_dried_aerosol_particles,volume_absorption_coefficient_in_air_due_to_dried_aerosol_particles
3baa6daf-8ca2-11ef-944e-41a8eb05f654,volume_attenuated_backwards_scattering_coefficient_of_radiative_flux_in_air,volume_attenuated_backwards_scattering_function_in_air
3baa6dae-8ca2-11ef-944e-41a8eb05f654,volume_attenuated_backwards_scattering_coefficient_of_radiative_flux_in_air_assuming_no_aerosol_or_cloud,volume_attenuated_backwards_scattering_function_in_air_assuming_no_aerosol_or_cloud
3baa6daa-8ca2-11ef-944e-41a8eb05f654,volume_backwards_scattering_coefficient_of_radiative_flux_in_air_due_to_dried_aerosol_particles,volume_backwards_scattering_coefficient_in_air_due_to_dried_aerosol_particles
3baa6dac-8ca2-11ef-944e-41a8eb05f654,volume_extinction_coefficient_of_radiative_flux_in_air_due_to_ambient_aerosol_particles,volume_extinction_coefficient_in_air_due_to_ambient_aerosol
3baa6dab-8ca2-11ef-944e-41a8eb05f654,volume_extinction_coefficient_of_radiative_flux_in_air_due_to_ambient_aerosol_particles,volume_extinction_coefficient_in_air_due_to_ambient_aerosol_particles
3baa6dad-8ca2-11ef-944e-41a8eb05f654,volume_extinction_coefficient_of_radiative_flux_in_air_due_to_cloud_particles,volume_extinction_coefficient_in_air_due_to_cloud_particles
3baa6d76-8ca2-11ef-944e-41a8eb05f654,volume_fraction_of_condensed_water_in_soil,volume_fraction_of_water_in_soil
3baa6d77-8ca2-11ef-944e-41a8eb05f654,volume_fraction_of_condensed_water_in_soil_at_critical_point,volume_fraction_of_water_in_soil_at_critical_point
3baa6d78-8ca2-11ef-944e-41a8eb05f654,volume_fraction_of_condensed_water_in_soil_at_field_capacity,volume_fraction_of_water_in_soil_at_field_capacity
3baa6d79-8ca2-11ef-944e-41a8eb05f654,volume_fraction_of_condensed_water_in_soil_at_wilting_point,volume_fraction_of_water_in_soil_at_wilting_point
3baa6ce4-8ca2-11ef-944e-41a8eb05f654,volume_scattering_coefficient_of_radiative_flux_in_air_due_to_ambient_aerosol_particles,volume_scattering_coefficient_in_air_due_to_ambient_aerosol_particles
3baa6ce3-8ca2-11ef-944e-41a8eb05f654,volume_scattering_coefficient_of_radiative_flux_in_air_due_to_dried_aerosol_particles,volume_scattering_coefficient_in_air_due_to_dried_aerosol_particles
3ba9aa2e-8ca2-11ef-944e-41a8eb05f654,mass_content_of_water_in_atmosphere_layer,water_content_of_atmosphere_layer
3baa6d1d-8ca2-11ef-944e-41a8eb05f654,water_evaporation_amount_from_canopy,water_evaporation_amount_from_canopy_where_land
3baa6da5-8ca2-11ef-944e-41a8eb05f654,water_evapotranspiration_flux,water_evaporation_flux
3baa6d1c-8ca2-11ef-944e-41a8eb05f654,water_evaporation_flux_from_canopy,water_evaporation_flux_from_canopy_where_land
3baa6ced-8ca2-11ef-944e-41a8eb05f654,surface_water_evaporation_flux,water_evaporation_flux_where_sea_ice
3baa6da8-8ca2-11ef-944e-41a8eb05f654,water_flux_into_sea_water_due_to_flux_adjustment,water_flux_correction
3ba9a9f8-8ca2-11ef-944e-41a8eb05f654,water_flux_into_sea_water,water_flux_into_ocean
3baa6ce8-8ca2-11ef-944e-41a8eb05f654,water_flux_into_sea_water_from_rivers,water_flux_into_ocean_from_rivers
3ba9aa2f-8ca2-11ef-944e-41a8eb05f654,mass_content_of_water_vapor_in_atmosphere_layer,water_vapor_content_of_atmosphere_layer
3baa6d28-8ca2-11ef-944e-41a8eb05f654,water_vapor_partial_pressure_in_air,water_vapor_pressure
3baa6d37-8ca2-11ef-944e-41a8eb05f654,water_vapor_saturation_deficit_in_air,water_vapor_saturation_deficit
3baa6cec-8ca2-11ef-944e-41a8eb05f654,water_volume_transport_into_sea_water_from_rivers,water_volume_transport_into_ocean_from_rivers
3ba9a9f9-8ca2-11ef-944e-41a8eb05f654,wind_mixing_energy_flux_into_sea_water,wind_mixing_energy_flux_into_ocean
3ba9a9ee-8ca2-11ef-944e-41a8eb05f654,sea_surface_wind_wave_period,wind_wave_period
3baa6cce-8ca2-11ef-944e-41a8eb05f654,stem_mass_content_of_carbon,wood_carbon_content
3baa6cea-8ca2-11ef-944e-41a8eb05f654,wood_debris_mass_content_of_carbon,wood_debris_carbon_content
3ba9aa3c-8ca2-11ef-944e-41a8eb05f654,sea_water_x_velocity,x_sea_water_velocity
3ba9aa3d-8ca2-11ef-944e-41a8eb05f654,sea_water_y_velocity,y_sea_water_velocity
